Date,Tweet
2014-01-01,MMM Stocks notch record highs in 2013
2014-01-01,Dow  Trend AXP UTX CSCO KO HD DIS V IBM DD INTC JPM UNH TRV MRK MMM GE GS MSFT CAT  @
2014-01-05,"MMM 3M sets year's biggest US buyback plan, raises dividend"
2014-01-05,MMM 3M Announces Large-Format Multi-Touch Solutions for Interactive Digital Signage at CES 2014
2014-01-08,3M's  Showcase Enabled by Lux-backed  &amp;   MMM
2014-01-27,Looking for research on MMM? Get started here:  Also see BDBD CPIX MDCO OPAY
2014-01-28,"28Jan Best   MPC , DVN , K , YHOO , CUK , MMM , HES , NOC , ADM , GLW , D , HD"
2014-01-29,RT : Solving the  Trading Frustration--Adapting to Market Changes (video)  SPY SPWR BA MMM Study
2014-01-30,"3M revenue hit by slowdown in emerging markets as weaker currencies take toll but U.S., Europe solid. MMM"
2014-01-30,MMM- 3M Announces Fourth-Quarter Results; Company Posts Record Sales and Earnings Per Share for Both ....
2014-02-06,Do you think MMM  is a good buy so far?
2014-02-07,"Short MMM, against Jan 29 intraday high of 131.27"
2014-02-11,RT : GS SPY GE MMM AAPL We Are ABSOLUTELY Killing It Join Us
2014-02-12,Todays Stocks to Watch GM MMM TMO  ABX
2014-02-12,MMM Ideum and 3M Collaborate to Enable High-Performance Android OS for 3M Multi-Touch Displays
2014-02-14,Method Of Making Extensible Web Laminates MMM
2014-02-16,RT :  Thanks For The Follow And Good Luck Trading This Tuesday AAPL F MMM GE SPY GS
2014-02-16,How 3M Co Became a Stellar Dow Dividend Stock MMM
2014-02-16,Top  today MMM EXP CE LIVE
2014-02-18,5 Stocks to Watch MMM NYX SPN SSO Click
2014-02-24,"Insider Selling: 3M VP Sells 14,619 Shares of Stock MMM"
2014-02-24,ANV 50 Simple Moving Average  ANV Most recent stock chart and technical analysis. CLNP EEM MMM FB XLE
2014-02-25,MMM Full Line of 3M Privacy Products on Display at RSA Conference 2014
2014-02-26,"MMM Steel-Barbed Cable Ties from 3M Provide Strong, Reliable Fastening"
2014-02-28,"S&amp;P 500: Is This A Buying Opportunity?  AAPL, AEP, CAT, DD, FB, GE, GOOG, GS, MMM, NFLX, PFE"
2014-03-02,HRL Insider Trading news on MMM GDI  USD
2014-03-03,BTYA Todays movers to research MMM WTM  HIT
2014-03-04,3M Company Dividend Stock Analysis MMM
2014-03-04,Weekly Dow  Trend UNH VZ HD DD CVX UTX GS XOM NKE MRK AXP BA KO IBM MSFT TRV MMM JNJ  @
2014-03-05,MMM Haze Return Amid Drought Sparks Calls for Action
2014-03-07,MMM 3M Stock Rating Upgraded by EVA Dimensions (MMM)
2014-03-09,Did you lose on MMM MHK SLM DO Try this
2014-03-09,GE F MMM This IS How You Do It Free Education      Register   …
2014-03-11,MMM GE Buoys Liquidity at Taco Bell Franchisee
2014-03-14,EMC This weeks Stocks to Watch MMM EWBC  BLOX
2014-03-19,MMM Rebounding Manufacturing Activity Drives the Global Pressure Sensitive Tapes ...
2014-03-20,"O.o Wat now?"": WTF??"":    mmMMmMmmnMmNMmmnbnMMMMmmm"
2014-03-21,What Pall Corp's PLL earnings say about the industrial sector  GE MMM DCI ENTG
2014-03-24,"Powder Coating Epoxy Compositions, Methods, And Articles MMM"
2014-03-27,"MMM Alphabet cream market trebled and is here to stay, says market analyst"
2014-03-31,"MMM Stocks Under Review - Fidelity National Financial Inc (NYSE:FNF), BB&amp;T ..."
2014-04-01,MMM Individuals buy £3m of shares in co-operative wind farms
2014-04-01,MMM Islamic uprising tears country apart - report
2014-04-02,MMM 3M Cogent MiY Biometric Access Control Readers Integrated with Schneider Electric’s Integrated Security and Building Management...
2014-04-04,MMM Is Your Money Safe With 3M Co.'s Dividend?
2014-04-04,MMM Higher Customer Enthusiasm for 3M Cloud Library
2014-04-08,"MMM VoxelJet: Co. To Sell 3M Shares, CEO Ederer, Others To Sell 1M"
2014-04-08,MMM Chat show king Craig Ferguson in line for £3m payout.. if he DOESN'T land job ...
2014-04-09,"MMM Stocks Reaction on News: 3M Co (NYSE:MMM), Ciena Corp (NYSE:CIEN), CEL ..."
2014-04-11,MMM Needle-Free Delivery: Technology and Market Forecast 2014-2024
2014-04-14,Top Performing  today MUR AMD MMM  FEYE
2014-04-14,Avoid mistakes like GE UPS MMM  CAG Check out
2014-04-15,"Share your opinions about AMAT with 12,000+ active traders today! Click Here:  Trending TDEY AGNC PTAH MMM"
2014-04-15,Auto entered MMM / ETN &amp; QCOM / MSI  as they test historical resistance on IRIS platform.
2014-04-15,MMM UK MORNING BRIEFING: Aggreko Leads After Mixed Results
2014-04-15,Looking for the next winners like MMM BRE ACM RAX Must have
2014-04-16,Looking for the next MMM MON CAH RT
2014-04-17,Dow  Trend MMM XOM CVX DD T GE TRV KO PG CSCO WMT JNJ MCD UTX BA INTC MSFT NKE CAT V  @
2014-04-19,MMM testing projected resistance near 138 w/ layered resistance near 141
2014-04-21,MAC Awesome   MMM AMG  AAPL
2014-04-23,MMM Caterpillar's Q1 Earnings Come Amid Mining Cost Cuts
2014-04-23,5 Stocks you should be watching WIN NCR MMM  IBM
2014-04-23,Early Movers:  WMHI HART OODH HEMP KO AMBS IAU VZ FRTD BLAP AAPL SGMS GM FNMA MGHL AOL GG  NEM ABX FB IAG NFLX MMM
2014-04-24,MMM US stocks mixed as Ukraine concerns offset Apple earnings
2014-04-24,MRK Getting Interesting MMM PFE XLY XLK VLO
2014-04-26,ITT Are you hanging on to MMM RLGY  CSIQ I suggest
2014-04-28,5 Stocks you should be watching BXP MMM ALXN  IR
2014-04-28,danrocks: XLE Hitting Buzz ILNS UUP HDRE GOOG MMM: danrocks
2014-04-29,Best research on  such s MMM BBBY LNKD RAX
2014-04-30,Find more winners like T MXIM MMM  AIG
2014-05-01,"MMM 3M CO Files SEC form 10-Q, Quarterly Report"
2014-05-02,BXP Todays movers to research MMM DRI  EPZM
2014-05-02,SGEN Get great research on stocks MMM SPW  DUST
2014-05-02,BXP Todays Stocks you should Watch MMM MORN  GOOG Worth a look
2014-05-03,Looking for the next MET CTRX MMM  PCLN Must have
2014-05-03,S&amp;P100  Trend BAX ALL SPG ORCL PM MMM MA V WAG TWX GILD MRK LMT CMCSA ACN ABBV AIG  @
2014-05-06,MMM received a new alert. Find out why at          286
2014-05-06,Hanging Man May Signal Caution   AAPL AMZN FB LNKD TWTR GOOG MSFT WMT UNH GS INTC JNJ JPM MMM MRK ...
2014-05-08,MMM 3M Co Daily:1.33% Weekly:1.47% YTD:1.3% Trend:88 / 100
2014-05-08,MMM 3M Company issued 52
2014-05-09,Movers:   KO  OODH SGMS GM FNMA MGHL AOL GG WMT NEM ABX IAU FB CAT MMM P MCD GRLT PGOL BMIX BRK/B BRK GMCR DASTY GG
2014-05-12,3M MMM Showing Resistance Near 142.11 (  )
2014-05-12,"MMM Nortel, 3M, Trade Finance Software: Intellectual Property (1)"
2014-05-12,BAML US1 +1.70% AIG AVY BX C CSX CHKP DIS DKS EMN EQIX ERJ ESRX F HES MET MMM NUE NWL NXPI OZM PXD STJ THRX VZ WHR
2014-05-13,"EARNINGS YIELD - '07 vs '14

S&amp;P
2007: 5.5% 
2014: 5.8%

NKE
2007: 6.6%
2014: 3.6%

PG
2007: 6.1%
2014: 4.6%

MMM
2007: 8.0%
2014: 4.6%"
2014-05-14,3M : Attest Auto Reader Sought by Veterans Affairs  MMM
2014-05-15,"MMM 3M Teams with TriZetto to Offer Grouping, Compliance and Payment Reform Methodologies to Commercial Payers"
2014-05-19,Movers:   KO  OODH SGMS GM FNMA MGHL AOL GG WMT NEM ABX IAU FB CAT MMM P MCD GRLT PGOL BMIX BRK/B BRK GMCR DASTY GG
2014-05-20,BAML US1 -0.65% AIG AVY BX C CSX CHKP DIS DKS EMN EQIX ERJ ESRX F HES MET MMM NUE NWL NXPI OZM PXD STJ THRX VZ WHR
2014-05-22,Regretting your investment in MMM PKI KOS USD
2014-05-27,RT : OODH - HUGE GAP!!!!     #      GG AOL NFLX BRK MMM KO GMCR…
2014-05-29,Are you Bullish on these  ATK SRCL MMM  GRPN Click
2014-05-29,MMM Industrials Sector Equities Technical Momentum -- Research on Iron Mountain ...
2014-05-30,"Bought the paint now prepping to paint: spackle, sanding, yards of blue painting tape MMM keeps reaching new highs!"
2014-05-30,Let's ROCK the markets!!!!  OODH BRK MCD AOL NFLX TSLA MMM GOLD IAU GMCR WMT VZ KO AAPL FB PGOL IAG CAT AA GOOG P C
2014-05-31,ONNN Whats going on with MMM ACT  CSIQ
2014-06-02,RT : Free Excel Spreadsheet of June 2014 Dividend Aristocrats  T MMM VFC HCP CLX CB ECL AFL SYY…
2014-06-02,ML US1+.03% AIG AVY BX C CSX CHKP CYH DIS DKS EMN EQIX ERJ ESRX F HES MET MMM NUE NWL NXPI OZM PXD STJ THRX VZ WHR
2014-06-05,Intraday : SPY XLB XLI XLE XLP XLV JNJ WFC DIS MMM TD CVS UNP ABBV FOXA WAG EOG HAL DHR GD DAL ACE GIS TRV
2014-06-07,Are you thinking of selling MMM JCI CLGX USD Give it a try
2014-06-07,"EFA Dividend 

Also See: MMM FNMA SMH TNA ~"
2014-06-08,MONDAY Movers:   KO  OODH SGMS GM FNMA MGHL AOL GG WMT NEM ABX IAU FB CAT MMM P MCD PGOL BMIX BRK/B BRK GMCR DASTY
2014-06-09,“Price is what you pay; value is what you get.” ~ Benjamin Graham ➔➔➔➔  OODH VZ KO MMM MCD AOL NFLX C DJI QQQ WMT ABX GOOG IAG
2014-06-09,OODH -It's aweful quiet on OODH today...time to pick up the pace?     MMM BRK MCD  CAT
2014-06-09,"3M Names Nicholas Gangestad CFO, Replacing David Meline MMM"
2014-06-09,Seeking the next stock like SWK GM MMM  IBM
2014-06-10,Dow  Trend DIS UTX GE JPM AXP CAT MMM GS BA CVX INTC MSFT TRV HD XOM IBM KO DD NKE  @
2014-06-10,MMM: 3M CFO leaves; manufacturer names controller to post
2014-06-12,LEG Are you Bullish on these  MMM EQR  GAIN
2014-06-13,"MMM 3M Company Weekly Summary Alert
From our Stock News Alerts App"
2014-06-14,Are you considering selling  SWI LAZ MMM  CI Give it a try
2014-06-14,Considering investing in UHAL Y MMM  IBM
2014-06-25,"MMM - [video] Nike on the Numbers, General Mills Seeks Trend Reversal, Jim C... -&gt;"
2014-06-26,MMM - 3M Introduces ePrivacy Filter for Comprehensive Privacy Solution -&gt;
2014-06-27,DISH Bearish or Bullish on these  MMM CSX  DF Click
2014-06-28,NFX Are you considering selling  MMM FLO  SLW
2014-06-29,Are you considering buying TTC MMM TFSL  RT Click
2014-06-29,Watchlist. Dont be left behind MMM FIS WYN GOOG Goto
2014-07-01,Considering investing in MMM RJF PETM CRAY Try this
2014-07-02,MMM 3M Co Daily:0.92% Weekly:1.03% YTD:4.39% Trend:63 / 100
2014-07-02,Seeking the next hot  BAX HAL MMM  NUAN
2014-07-02,Market Reports you need on  DNKN HAL MMM  ISRG Goto
2014-07-02,Bad  like got you down FNFG HRL MMM  ABX Visit
2014-07-03,Whats going on with MMM MORN JDSU AMZN
2014-07-05,Stocks I'm keeping my Eye on...should you? NFX MMM CMA  LGND View now
2014-07-05,Small-cap stocks making 52-wk highs MMM FAST NBL TSLA
2014-07-05,Watchlist. Dont be left behind MMM ORLY TCB USD
2014-07-06,you might want to buy DATA TER MMM  FXY Must have RATE_LIMIT_EXCEEDED
2014-07-06,Are you Investing in MMM CVA TMUS GOGO
2014-07-06,PEP  Market Reports on stocks like MMM MD  HIT Visit
2014-07-06,Latest  information on  like MMM IT VAL AMZN
2014-07-06,UDR Are you considering selling  MMM RLGY  BWP  RATE_LIMIT_EXCEEDED
2014-07-07,Some Stocks to Watch VAR LAZ MMM  LGND
2014-07-08,Weekly Movers:  KO OODH ERNI MDNT IAG WMT VZ MCD AAPL SGMS GM FNMA MGHL AOL GG  NEM ABX FB IAG NFLX MMM DASTY PGOL
2014-07-08,danrocks: ARNA On Alert GRPN XOM FROZ MMM PDGO
2014-07-09,Will This Analyst Upgrade Help 3M (MMM) Stock Today? MMM
2014-07-09,All eyes on OODH this week.  Congrats... on gold venture! Going to get real exciting.  OODH AOL NFLX MMM GMCR MCD WMT IAU ABX NEM
2014-07-09,URBN It could be breaktout time on MMM P  CHTP
2014-07-10,Should you buy MMM P MYGN PCLN  RATE_LIMIT_EXCEEDED
2014-07-11,MMM: 3M Co. launches 11.2 million upgrade at Decatur chemical plant
2014-07-11,Great  Newsletter on MMM QCOM HTA IBM
2014-07-11,research TIF LEG MMM  GRPN Goto
2014-07-12,danrocks: GE On Watch MMM FCX HMY OXY XLV
2014-07-14,"MMM 3M Appoints Dr. Ashish K. Khandpur, Senior Vice President, Research and Development and Chief Technology
From our Stock News Alerts App"
2014-07-14,Interesting August Stock Options for 3M MMM
2014-07-15,BIIB It could be breaktout time on MMM AMG  QLYS Check out
2014-07-16,you might want to  hold onto ITW MMM TMO  IBM
2014-07-16,Todays movers to research VAR VVC MMM  AAPL
2014-07-16,Awesome   MMM VTR DLPH GAIN
2014-07-20,Get the latest on HBI PAYX MMM  DO
2014-07-21,Great  Newsletter on MMM STT PCAR FB
2014-07-21,MMM: Khandpur tapped as R&amp;D chief at 3M - Idea from  - Posted using ShareGage
2014-07-22,MMM 3M to Buy Residual Stake in Ja
2014-07-23,3M Co. Earnings: Can the Stock Keep Soaring?  or  on MMM GE and UTX? Share with us here:
2014-07-24,"MMM: 3M Co. Meets Q2 Estimates Thanks to Asia, Electronics"
2014-07-24,More on 3M's Q2   MMM
2014-07-25,"Finstats big data system S&amp;P 500 put selling report (07/24/2014)
UPS AIG V CF MMM"
2014-07-25,MMM: Todays Unusual Social Activity Stock: 3M (MMM)
2014-07-25,FNF Considering investing in MMM GGP  TSLA
2014-07-25,"MMM - Dow 30 Stock Roundup: Boeing, Verizon, UTX Beat Estimates, AT&amp;T, MSFT,... -&gt;"
2014-07-29,"Industrials have gotten cheap: yesterday's reversal on MMM was on nice volume, fantastic price action here"
2014-07-30,"MMM 3M Company End-Of-Day SEC Alert
From our Stock News Alerts App"
2014-08-01,"3M EVP Unloads 2,464,077 in Stock MMM"
2014-08-01,Looking for the next TSLA LAZ MMM  DF
2014-08-02,Here are some Stocks to Watch MMM IRM ACM CAG Try this
2014-08-08,"Insider Selling: 3M CEO Sells 13,749 Shares of Stock MMM"
2014-08-12,MMM - Current Report Filing (8-k)
2014-08-12,"GOOGL Market Cap 

Also See: BLUE ILNS MMM PCLN ~"
2014-08-12,"TNA Tick 

Also See: PBR MMM Z SRPT ~"
2014-08-13,"MMM Filings 

Also See: NEM XLY LOW TVIX ~"
2014-08-14,Todays Stocks you should Watch MAT SATS MMM  ABX
2014-08-15,Weekly Dow  Trend MRK HD CAT DIS BA TRV MSFT PG JNJ GE UTX INTC MMM KO JPM NKE DD UNH  @
2014-08-15,Dow  Trend BA MRK DIS HD CAT TRV PG MSFT JNJ GE UTX KO JPM MMM NKE INTC DD PFE T V  @
2014-08-16,"RT :   calientan un asiento y ganan MMM, en Teniente son una mafia . Hay que destapar esta olla y …"
2014-08-16,"calientan un asiento y ganan MMM, en Teniente son una mafia . Hay que destapar esta olla y desenmascararlos."
2014-08-18,Dow  Trend UTX NKE BA MMM CAT PG DIS JPM DD HD TRV KO MRK MSFT GS GE JNJ WMT AXP PFE  @
2014-08-20,MMM:US 20Aug Positive News
2014-08-20,"MMM: Jumping On The Risk Bandwagon? [3M Co, PepsiCo, Inc., Johnson &amp; Johnson"
2014-08-22,"HBAN Quotes 

Also See: GE AA MMM GPRO ~"
2014-08-22,MMM: EDF pays £3m after complaints probe new EDF Energy is to pay out £3 million to...
2014-08-25,"You don't know cheese? You don't know swiss. Adding Alstholm, GE DOW MMM"
2014-08-28,3M Company traders check out indexpro - it picks the best of S&amp;P 500 for you MMM SPY
2014-08-28,"RT : In response to Ebola outbreak in Africa, 3M is donating 1 million respirators to 3 nonprofit organizations. MMM"
2014-08-30,GO PRO VIDEO Trade Update - BIDU CNX MMM DJIA AAPL AMZN AXP CAT FAS GOOGL NFLX JPM SBUX XOM HD
2014-09-09,3M : Dow Analyst Moves: MMM  MMM
2014-09-09,Dow  Trend MSFT NKE MRK BA MMM INTC UNH T V GE JPM KO JNJ PFE GS WMT HD PG UTX DIS  @
2014-09-10,3M Becomes The Sole Owner Of Sumitomo 3M Limited MMM
2014-09-16,"Active Stocks: 3M Company (NYSE:MMM), Ariad Pharmaceuticals Inc. (NASDAQ ... MMM"
2014-09-16,MMM 3M Co Daily:0.38% Weekly:-0.28% YTD:4.33% Trend:60 / 100
2014-09-17,"RGBP % Change

Click Here: 

Also See: MMM XLV CIG FANG ~"
2014-09-30,"MMM decent reversal yesterday, gapped higher today but didn't hold, decent support at 142 but if it doesn't hold will drop to 140"
2014-10-01,How Scotch Tape Is Driving Diagnostics Breakthroughs    MMM
2014-10-02,3M : Novel Technology Used to Make Restorative Dental Material Developed at CU-Boulder  MMM
2014-10-08,Dow  Trend KO WMT T XOM VZ NKE HD JPM TRV MRK GS MCD PG MSFT DIS IBM INTC MMM AXP BA  @
2014-10-13,"(FREE VIDEO): 5-Steps to His First Million Trading
  
RSX CTRL RUSL BOFI APT AMLP MMM"
2014-10-13,"RT : (FREE VIDEO): 5-Steps to His First Million Trading
  
RSX CTRL RUSL BOFI APT AMLP MMM"
2014-10-14,"Pumpers and dumpers aside, not APT or LAKE but rather DD MMM KMB"
2014-10-17,3M Earns “AA-” Credit Rating  MMM
2014-10-26,"(FREE VIDEO): 5-Steps to His First Million Trading
  
RSX CTRL RUSL BOFI APT AMLP MMM"
2014-10-28,"Conglomerates Boosters – Caterpillar Inc. (NYSE:CAT) 3M Co (NYSE:MMM), ITT ... MMM"
2014-10-29,MMM 150 Jan 2015 Calls
2014-10-31,"EBAY News

Click Here: 

Also See: SMN MOBL PLUG MMM ~"
2014-11-02,MMM Max Pain = 137.00. Maturity = 10/31/2014.  Previous close = 153.77.
2014-11-05,Dow  Trend V JPM CSCO WMT NKE MCD MRK UTX AXP MSFT PG TRV JNJ DD MMM UNH T GS PFE XOM @
2014-11-24,MMM 3 Reasons 3M Co. Stock Could Fall
2014-11-25,Are you considering selling MMM DLR FLIR PCLN
2014-11-25,KMB Top Performing  today MMM VZ  CLF
2014-12-02,"MMM News: ""3M Is Trading At A 9.8% Discount To Intrinsic Value: Have You Seen…""  Board view:"
2014-12-04,"MMM Stock up -0.36% percent Today MMM High is at 162.64 and the Low 161.47 with current volume of 299,936. 3M"
2014-12-06,Are you putting your money in MMM BRE LAMR PCLN
2014-12-07,Looking for the next ABBV NCR MMM  AMZN
2014-12-08,Do you think ITW is a better investment for a young investor over MMM?? Looking for more growth with some yield.
2014-12-08,Great   IBKR CLF MMM  CBM Try this
2014-12-09,Top  today. Find out why. HRC MMM BLK  GRPN
2014-12-09,Stocks I'm keeping my Eye on...should you? MMM EA CBI CI
2014-12-10,Keeping my Eye on  MMM CVA FLIR CRAY Check out
2014-12-12,Keeping my Eye on  EV ACGL MMM  GLD
2014-12-16,RT : MMM (+1% pre) 3M Co. Guides FY15 EPS; Affirms Long-Term Growth Outlook
2014-12-21,split consideration   add MMM
2015-01-03,chartguy89: Stock Charts: MAX.TO Stock Chart MAX.TO UTX TZA MMM
2015-01-05,MMM received a new alert. Find out why at          290
2015-01-12,RT : 2014 Global M&amp;A: Goldman Dominates Once Again  GS JPM M C MS BAC AGN ACT MMM
2015-01-13,Still Waiting For The Bubble To Burst  DIS INTC JNJ MMM DIA
2015-01-14,"MMM Recent News Updated Wednesday, January 14, 2015 07:11:31 AM SOXL GOOG BAC ERX"
2015-01-15,"XLP Recent News Updated Thursday, January 15, 2015 02:59:24 AM CELG MMM SCTY SH"
2015-01-20,Discover what lets you build a portfolio with higher returns. MMM XOM PG UGI ARLP GLP
2015-01-24,Will 3M Co. Beat Q4 Earnings on Sustainable Organic Growth? MMM
2015-01-26,RT : Options expected to be active at CBOE: GLW BMY CAT COH MSFT TXN PFE MMM
2015-01-27,MMM - 3M Sales Grow Across Business Segments
2015-01-27,MMM  Sales Grow Across Business Segments
2015-01-28,"HYG Stock Price Updated Wednesday, January 28, 2015 1:11:24 PM MMM EWT GDXJ SLB"
2015-01-29,"Sorry, But 3M Has Become Too Expensive, General Electric Is The Better Deal  GE MMM"
2015-01-29,3M PT Lowered to 158.00 MMM
2015-02-01,"CSCO Filings Updated Sunday, February 1, 2015 1:59:29 PM MMM IBM TASR VXX"
2015-02-03,Industrial Goods Stocks to Keep Your Eyes On - FLS MMM TS PNR *Get Reports*
2015-02-06,"3M EVP Hak Cheol Shin Sells 33,272 Shares MMM"
2015-02-09,lookn4wins: MMM Candlesticks MMM Most recent stock chart
2015-02-11,Companies with cheap March 15 options UTX UNP MMM BA MCD UPS LLY DD CL MON CAN IP WPZ
2015-02-21,"ECIG Company Info Updated Saturday, February 21, 2015 04:59:22 AM HD GS GREK MMM"
2015-02-21,3M Sets New 1-Year High at 168.27 MMM
2015-02-23,"MMM Stock Price Updated Monday, February 23, 2015 02:10:54 AM RJET X IYT EFA"
2015-02-28,Weekly S&amp;P100  Trend MCD GOOGL MO JPM AIG ABT QCOM DD CMCSA CL TXN MMM CSCO F RTN KO  @
2015-03-01,"IBM Percent Change Updated Sunday, March 1, 2015 03:07:17 AM MMM GS NWBO MA"
2015-03-02,Contrasts  Performance SPY AAPL SPLS JPM EMC FB INTC GE PFE BIIB MMM AM
2015-03-03,"MMM 3M to Announce New Policy for Forest Protection, Endangered Species and Forest Communities
From our Stock News Alerts App"
2015-03-03,All-Time Highs: ABMD ARG GWB AFG MAR MMM LEA ACT ALV LII HAS APD CODE DLPH AGU
2015-03-03,"MMM Company Info Updated Tuesday, March 3, 2015 01:07:27 AM DXJ ABBV JNK XLB"
2015-03-10,MMM Interesting April Stock Options for 3M
2015-03-15,"DEPO Filings Updated Sunday, March 15, 2015 01:07:08 AM UNH DEPO MMM DIS"
2015-03-15,"MMM Filings Updated Saturday, March 14, 2015 9:59:20 PM ANR FXE AXP HA"
2015-03-15,RT : Who says science isn't punny? Certainly not  (NYSE: MMM)
2015-03-16,RT : 3M Company (MMM) is 4% Away from 200 Day Moving Average   MMM
2015-03-28,"Dividend Achievers Top 20 Hits The Mark, Again  ABT AIG CVS CVX GE IBM JNJ KO MCD MMM NKE PEP PG QCOM"
2015-04-01,Dow  Trend CVX PFE KO UNH XOM AAPL JPM IBM MCD NKE CAT VZ CSCO TRV MMM MSFT GS DIS  @ … ……
2015-04-01,"MMM News: ""Wait For 3M To Settle Down Before You Pull The Buy Trigger MMM""   Quote:"
2015-04-02,"RT jimcramer ""Too hard! RT davidmoble:  Sir for a LONG term investment HON vs SNA vs MMM - which of these well managed companies is the …"
2015-04-02,RT DozenStocks: Dow  Trend CVX PFE KO UNH XOM AAPL IBM JPM MCD NKE CAT VZ CSCO TRV MMM MSFT…
2015-04-04,"BLTA Last Price Updated Saturday, April 4, 2015 11:03:14 AM HDSI IYR MMM AET"
2015-04-04,"SLV Stock Message Board Updated Saturday, April 4, 2015 08:59:24 AM CEMP CMG MMM TBT"
2015-04-06,RT : MMM nice long base see if breaks 50ma and triangle. (holding) Earnings soon
2015-04-08,Dow  Trend CVX IBM MMM GS JPM KO PFE BA MSFT XOM AAPL MCD GE HD V UTX DD VZ JNJ CAT  @
2015-04-13,"Yesterday We Made 89,000 In Just One Trade More Info Here  .. MMM MMP MMS"
2015-04-14,"SVXY Company Info Updated Tuesday, April 14, 2015 07:03:25 AM CHK UUP MMM EBAY"
2015-04-15,"ZA News Updated Tuesday, April 14, 2015 5:03:58 PM FB BP VXX MMM"
2015-04-15,"MMM 3M Company End-Of-Day Quote Alert
From our Stock News Alerts App"
2015-04-17,"IBM Percent Change Updated Friday, April 17, 2015 03:59:22 AM BABA MMM LO NEM"
2015-04-20,BA CAT IBM MCD MMM MSFT PG UTC VZ -Dow Earnings Parade
2015-04-22,"RT : MMM BUY +55 MMM 100 MAY 15 165 CALL .46 LMT
MMM BUY +101 MMM 100 (Weeklys) MAY1 15 160 PUT @.91 LMT"
2015-04-28,"AAPL Percent Change Updated Tuesday, April 28, 2015 08:07:26 AM CTIX UVXY T MMM"
2015-04-29,"MMM News: ""Should I Sell? A Selling Approach For Stock Purchase Mistakes AFL …""   Analyze:"
2015-05-02,3M Co. (MMM) Closes 0.82% Up on the Day for May 01 MMM
2015-05-07,"MMM 3M Co. Filings
Click Here -&gt; 

Trending MMM WFM CAT HAL"
2015-05-08,"XHB stock Stock Message Board

Click Here: 

Also See: NEO RVP FOX MMM

   ~"
2015-05-08,Dow  Trend JPM MRK NKE CAT V MSFT AXP IBM GS GE DIS UNH UTX MCD CVX XOM CSCO VZ MMM  @
2015-05-11,"VZ Verizon Communications Volume
Click Here -&gt; 

Trending VZ MA MMM LVLT"
2015-05-12,MMM 3M Board Declares Quarterly Dividend
2015-05-13,MMM received a new alert. Find out why at          15
2015-05-15,"AVP Avon Products, Inc. EOD Data
Click Here -&gt; 

Trending AVP MMM IMSC LNKD"
2015-05-16,"XLV Health Care Select Sector SPDR Investor Opinions
Click Here -&gt; 

Trending XLV GDXJ MMM BONA  …"
2015-05-16,"QCOM QUALCOMM Inc. Ask
Click Here -&gt; 

Trending QCOM ARIA MU MMM"
2015-05-18,"EWH HongKong iShares Filings
Click Here -&gt; 

Trending EWH IEF FSLR MMM"
2015-05-18,"IHNASDAQOMX: MMM 3M Co. Last Trade
Click Here -&gt; 

Trending MMM KEY FXI FB  …"
2015-05-20,"MMM New ""Locatable Rope"" from 3M's Electronic Marker System Enables Better Detection of Plastic Pipes"
2015-05-20,"SPXU ProShares UltraPro Short S&amp;P 500 Quotes
Click Here -&gt; 

Trending SPXU SVXY MMM PBR"
2015-05-22,"CSCO CSX Corp. Change
Click Here -&gt; 

Trending CSCO GE UDN MMM"
2015-05-23,"MMM 3M Co. Tick


MMM YFI.V POT TNA"
2015-05-26,MMM 3M Cloud Library Enhances Discoverability for Readers and Releases New Tools for Librarians
2015-05-26,"MMM 3M Co. 52Wk High


MMM UPRO MMM FNMA"
2015-05-31,"CTIX Cellceutix Corp. Message Board Posts


CTIX MMM DIA TD.TO"
2015-06-01,"MMM 3M Co. Prev Close


MMM MDCN JD UUP"
2015-06-01,"RT RT bosocial: RT RT RT RT RT MMM active, relative volume: 11.81, 1H, 10:00 PM,  DJI SPY … … …"
2015-06-01,"DD DuPont Co. % Change


DD TIP PPCH MMM"
2015-06-02,"GLD SPDR Gold Trust Shares Chart


GLD ADXS MMM SUNE"
2015-06-02,"MMM 3M Co. Open


MMM SWKS BLTA TRV"
2015-06-02,"MMM 3M Co. Market Cap


MMM ONTY XLI EWJ"
2015-06-02,"AMPH Amphastar Pharmaceuticals, Inc. Bid


AMPH CVX MMM SD"
2015-06-07,RT : MMM
2015-06-07,"HQY HealthEquity, Inc. Short Sales


HQY SVXY MMM GOOG    H &amp; R Block, Inc. Last Price…"
2015-06-08,"IPHI Inphi Corp. Ideas


IPHI TANH SBUX MMM"
2015-06-09,"KMB Kimberly Clark Corp. E.P.S.


KMB LNKD SLW MMM"
2015-06-10,Dow 30 best performers today. PG INTC CAT AXP GE MMM KO CVX JPM CSCO TRV V UTX PFE JNJ UNH IBM
2015-06-10,"JBLU JetBlue Airways Corp. Financials


JBLU ABX SPXS MMM"
2015-06-10,"C Citigroup, Inc. Stock Message Board


C WMT AUMN MMM"
2015-06-11,"PG Procter &amp; Gamble Co. Message Board Posts


PG _SPY MMM V"
2015-06-11,"MMM MannKind Corp. 52Wk High


MMM HGD.TO DXJ GDP"
2015-06-15,"TBT ProShares UltraShort  20+ Year Treasury Ask


TBT UUP VTI MMM"
2015-06-16,"nicohof1: am_alerts: MMM active, relative volume: 4.51, 1H, 1:00 PM,  DJI SPY"
2015-06-16,"TREE LendingTree, Inc. 52Wk High


TREE MMM IBM ELTP"
2015-06-17,"COTY Coty Inc. Ask Size


COTY HTZ MMM CDK"
2015-06-17,"ATD/B.TO Alimentation Couche-Tard, Inc. Stock Forum


ATD/B.TO HEDJ MMM HZNP /B.TO"
2015-06-18,"MMM 3M Co. Chart


MMM TSLA PPCH DUST"
2015-06-18,"XLE Energy Select Sector SPDR Summary


XLE TWTR MMM QIHU"
2015-06-20,"FXI iShares FTSE China 25 Index Fund Yield


FXI FSESX MMM MNST"
2015-06-20,"ONEQ Fidelity Nasdaq Composite Index Fund (OneQ) Ideas


ONEQ JD MMM GG"
2015-06-24,RT :  of  expands presence in fast-growing personal protective equipment industry MMM
2015-06-24,"KKR SAN.FR CPA.WA SYY KRFT BRKA MMM:

The Morning Leverage: KKR Keeps Busy:"
2015-06-25,"MMM 3M Co. EOD Data


MMM FCX ABMD THS"
2015-06-25,"MMM 3M Co. Yield


MMM VNQ FB XLK"
2015-06-25,"SMH Market Vectors Semiconductor Day Low


SMH MMM BABA BAA.TO"
2015-06-26,"GLD SPDR Gold Trust Shares EOD Data


GLD V MMM RSX"
2015-06-27,"MMM 3M Co. Dividend


MMM MIDU DNAX ANTM    Marathon Oil News…"
2015-06-29,"FDN FireEye Inc. Message Board Posts


FDN AAL MMM SLW"
2015-06-30,"AAPL Apple, Inc. Short Sales


AAPL CYBR SMH MMM"
2015-07-01,"EUO ProShares UltraShort Euro Change


EUO CELG PBR MMM"
2015-07-02,"RT : BABA Alibaba Group Holding Ltd. Last Trade


BABA VXX MMM HLF"
2015-07-04,"MMM Merck &amp; Co., Inc. Stock Forum


MMM UNGS ASHS RSP"
2015-07-07,"RT : MMM head and shoulders top, neck-line break. Has room to go"
2015-07-11,"RPG Guggenheim S&amp;P 500 Pure Growth ETF Ask


RPG TSLA AAPL MMM"
2015-07-11,"CXR.TO Concordia Healthcare Corp. Ideas


CXR.TO MMM VXX LVLT .TO"
2015-07-16,"DBA PowerShares DB Multi-Sector Commodity Trust Agriculture Fund Quotes


DBA MMM UNP DDD  …"
2015-07-16,"MMM 3M Co. Market Cap


MMM AVGO VTR PCLN"
2015-07-20,"QLD ProShares Ultra QQQ Fund Bid


QLD MMM TUR MHYS"
2015-07-21,"RT : RT : RT : RT : MMM head and shoulders top, neck-line break. Has room to go"
2015-07-21,"RT : RT : RT : MMM head and shoulders top, neck-line break. Has room to go"
2015-07-22,"RT : RT : RT : RT : MMM head and shoulders top, neck-line break. Has room to go"
2015-07-22,MMM releasing Earnings on 7/23 Before Open (Confirmed). Anybody buying/selling in Earnings?
2015-07-23,"XLK Consumer Staples Select Sector SPDR Last Price


XLK UAL OIL MMM"
2015-07-23,"MMM 3M - 8-K (Current report filing) SEC Filing
From our Stock News Alerts App"
2015-07-23,"danrocks4 : EWZ Facebook, Inc. Day High


EWZ FXI DUST MMM …"
2015-07-23,"GM General Motors Co. Message Board Posts


GM BLTA MMM PFE"
2015-07-24,"RT : CAT Clearbridge Energy MLP Fund Inc. Day Low


CAT HXD.TO NFLX MMM"
2015-07-24,"AMBA Ambarella, Inc. Day Low


AMBA MEIP AAPL MMM"
2015-07-24,"ADPT Adeptus Health, Inc. Stock Message Board


ADPT XLV PEG MMM"
2015-07-24,"CELG Celgene Corp. 52Wk High


CELG MMM MU XOMA"
2015-07-24,"MMM 3M Co. Last Price


MMM UGAZ SDS TSLA"
2015-07-25,"IBB Biotech iShares 52Wk Low


IBB MMM ETP DD    International Business Machines P/E…"
2015-07-25,"AFMD Affimed Therapeutics BV Last Price


AFMD DOG MMM SBUX"
2015-07-25,"XIU.TO iShares CDN S&amp;P/TSX 60 Index Fund Stock Forum


XIU.TO ERX FXI MMM .TO"
2015-07-25,"AAPL Apple, Inc. Last Price


AAPL MMM AUY ONTY"
2015-07-25,"CURE Direxion Daily Healthcare Bull 3x Shares Exchange


CURE MMM CMG XOM"
2015-07-27,Time To Reset Expectations For 3M  MMM
2015-07-30,MMM 3M Co Daily:0.23% Weekly:-2.55% YTD:-7.26% Trend:42 / 100
2015-07-30,"MMM 3M - End of Day Stock Quote
From our Stock News Alerts App"
2015-07-31,"GDX Market Vectors Gold Miners Company Info


GDX MBHC MMM XBI"
2015-07-31,"XME SPDR S&amp;P Metals &amp; Mining Index EOD Data


XME TWTR MMM MNST"
2015-07-31,"MMM 3M Co. Exchange


MMM IYR IWO BIIB"
2015-07-31,"MMM 3M Co. Exchange


MMM IYR IWO BIIB    Altria Group Inc. Company Info…"
2015-07-31,"BIIB Biogen Inc. Bid


BIIB GOLD BX MMM"
2015-08-01,"GAIN Gladstone Investment Corp. Day High


GAIN MMM GDX HGD.TO"
2015-08-02,"LUV Southwest Airlines Co. Open


LUV XLY ADN.TO MMM"
2015-08-02,"COH Coach, Inc. Company Info


COH MMM TMF UTX    Columbia Sportswear Co. Last…"
2015-08-03,"XOM News: ""How To Reach Your Dividend Income Goals MMM UTX XOM JNJ""   Analyze:"
2015-08-03,"XOM News: ""How To Reach Your Dividend Income Goals MMM UTX XOM JNJ""   Analyze:"
2015-08-04,"MMM 3M Co. Dividend


MMM SH SH TZA"
2015-08-11,Stock ticker MMM a big hint.
2015-08-12,US1 long-term 12+months buy+hold list   KMI LLY MMM NWL NXPI OXY PNRA SIVB TMO VZ WHR ZTS
2015-08-13,"MMM News: ""3M Company: A Core Holding For Serious Dividend Growth Investors MMM""   Analyze:"
2015-08-13,Commented on StockTwits: *Update* MMM in Head and Shoulders Pattern
2015-08-13,"MCD McDonalds Corp. Volume


MCD GREK EA MMM"
2015-08-14,"GOOGL Google Inc. - Class A P/E Ratio


GOOGL MYEC MMM KBE    GoPro, Inc. Stock…"
2015-08-14,"GOOGL Google Inc. - Class A P/E Ratio


GOOGL MYEC MMM KBE    GoPro, Inc. Stock…"
2015-08-19,MMM - 3M and Catalent Obtain Outstanding Results in Purification and Clarification with 3M™ Emphaze™ AEX
2015-08-20,RT : Bloodbath: major index component heat map into the close. AAPL GOOG VIX SPY MSFT JNJ MMM PG TSLA MNKD VZ ht…
2015-08-21,"MMM News: ""Take Long-Term View On 3M - Cramer's Lightning Round (8/20/15) PANW …""   Analyze:"
2015-08-21,dis 100 strike  MMM 145 uvxy finally gave some up
2015-08-25,"SPDR® Dow Jones Industrial Average ETF DIA -8.6% year to date return, top ten holdings GS IBM MMM BA UNH AAPL DIS HD NKE TRV"
2015-08-26,"CMG Chipotle Mexican Grill Inc. Filings


CMG MMM FV FCX"
2015-08-26,"MMM 3M Co. Exchange


MMM DRYS KAR NAT"
2015-08-26,High-Quality Dividend Shopping List For This Pullback  JNJ PAYX QCOM MMM
2015-08-26,"EUM ProShares Short MSCI Emerging Markets Prev Close


EUM MMM SVL.TO VWO   …"
2015-08-27,The MnM Portfolio - August Supplement - Ask And You Shall Receive?  AAPL  CAH CLDT EMR IBM JNJ MMM
2015-08-27,3M Co MMM Releases FY15 Earnings Guidance
2015-08-27,"MMM 3M Co. Current Price


MMM PG UAL PEIX"
2015-08-28,"WMT iShares CDN S&amp;P/TSX 60 Index Fund 52Wk Low


WMT MMM DWTI VGK"
2015-08-29,"CSCO Cisco Systems, Inc. Stock Message Board


CSCO MMM PGTI EFOI"
2015-08-29,"FCX Freeport-McMoRan, Inc. Change


FCX USCOX MMM GDX"
2015-08-30,"WMT Wal-Mart Stores, Inc. Ask


WMT GILD MMM ITEK    Xcerra Corp. 52Wk Low…"
2015-08-30,"UTIW UTi Worldwide Inc. Last Trade


UTIW MMM FCX XLY"
2015-09-07,RT DozenStocks: Dow  Trend MCD TRV V NKE HD INTC UTX AXP AAPL BA DIS MMM CSCO MSFT UNH WMT …
2015-09-08,MMM 3M Co Daily:-1.34% Weekly:-3.03% YTD:-14.37% Trend:25 / 100
2015-09-10,Dow  Trend INTC TRV V AXP UNH BA MCD UTX NKE GS VZ CSCO GE PFE MMM HD WMT AAPL DIS  @
2015-09-11,"EWT Taiwan iShares Open


EWT PBR MMM CVC"
2015-09-11,"CRH.TO CRH Medical Corp. Summary


CRH.TO MMM HYG CRGP .TO"
2015-09-11,"AAPL Apple, Inc. Investor Opinions


AAPL XLY MMM VXX    Advantage Oil Gas Ltd.…"
2015-09-12,"AGIO Agios Pharmaceuticals, Inc. Summary


AGIO MMM AEM.TO CURE"
2015-09-12,"XLY Consumer Discretionary Select Sector SPDR Day High


XLY AKAM MMM TQQQ"
2015-09-12,"KO Coca Cola Co. Chart


KO BIDU MMM VTI"
2015-09-13,"A Sleep Well, Long-Term Orientated Portfolio From The S&amp;P 500  GILD ETN WMT XOM MMM JNJ MRK"
2015-09-20,"The Generation Portfolio: W.P. Carey, AT&amp;T, Verizon And 3M Company  BMY CL CVX CYS DIS KMI KO MFA MMM MPW"
2015-09-20,"ACAD Acadia Pharmaceuticals Inc. Tick


ACAD SPXS MMM WPWR"
2015-09-20,"MMM 3M Co. Chart


MMM NSM CAT VBR    McEwen Mining Inc. Market Cap…"
2015-09-21,"The Generation Portfolio: W.P. Carey, AT&amp;T, Verizon And 3M Company  BMY CL CVX CYS DIS KMI KO MFA MMM MPW"
2015-09-23,"EUM ProShares Short MSCI Emerging Markets Ideas


EUM MMM UVXY XLF"
2015-09-23,"FXE Currency Shares Euro Trust Message Board Posts


FXE RDSH MMM BEARX"
2015-09-24,Check which story for  have highest score V MMM MCD
2015-09-25,"RT WrigleyTom: Early movers: 

BBRY FINL SPLS GOOGL AAPL
PYPL BOX MMM ODP KO BIG
INTC NKE PIR BBBY …"
2015-09-25,"STX Seagate Technology Holdings, Inc. Market Cap


STX MMM FGEN PCLN    ProShares…"
2015-09-25,"BIDU Baidu, Inc. Open


BIDU NFLX MMM EWJ"
2015-09-25,"CVX Chevron Corp. Bid


CVX MMM OCRX JNK"
2015-09-26,"IWM Russell 2000 iShares Message Board Posts


IWM SWKS MMM TSLA"
2015-09-26,"WEEKEND REVIEW Friday analyst upgrades &amp; downgrades Pt.1 
CAT KO INTC PYPL SAVE URI VA MMM"
2015-09-27,"MMM 3M Co. Company Info


MMM HD SBUX BERY    Marathon Oil Filings…"
2015-09-28,"NFLX Netflix, Inc. Financials


NFLX JBLU ABC MMM"
2015-09-30,3M Company: A Diversified Conglomerate Poised To Continue Delivering Results  MMM
2015-09-30,MMM Quality at a good price. That's 3M!!
2015-09-30,"Commented on: ""3 Dividend Growth Stocks With Wide Margins Of Safety""  BLK CAT MMM"
2015-10-02,"MMM 3M Co. Current Price


MMM TWTR DIA FSENX"
2015-10-03,Check out my 5 always buy   MMM EMR JNJ TGT PEP
2015-10-06,"UWTI Stock Forum Updated Tuesday, October 6, 2015 07:07:22 AM MMM EDC DVN YUM"
2015-10-07,"MCD McDonalds Corp. Current Price


MCD MMM XLB QLD"
2015-10-12,"GOOGL Alphabet Inc. Financials


GOOGL MMM EOG CAT"
2015-10-14,"MDRPF Midas Gold Corp. Open


MDRPF JNK MMM MEET"
2015-10-15,"MMM MannKind Corp. Last Price


MMM BAC EBAY NXPI"
2015-10-15,"XLU Health Care Select Sector SPDR Market Cap


XLU POT MMM GOOG"
2015-10-17,"MMM 3M Co. Ask Size


MMM SMN TRQ TBT"
2015-10-17,MMM AXP AAPL BA CAT CVX CSCO KO DIS DD XOM GE GS HD IBM
2015-10-19,MMM High Fundamental Rating
2015-10-20,"HL Hecla Mining Co. Chart


HL CYBR NAT MMM"
2015-10-21,most anticipated  UA LUV MCD CAT LVS FCX EBAY KMI SIRI LLY MMM AXP UAL
2015-10-22,RT : 3M Co Q3 15 results: EPS came in at 2.05 (est 2.00); with Revenue of 7.71B (est 7.84B) MMM
2015-10-22,Ben Carson Says IRS Should Be Eliminated   CAT AXP  BA AMZN AAPL YAHOO DAL MMM
2015-10-24,"AURI Auri, Inc. Day Low


AURI MMM ALK GUD.TO"
2015-10-26,"WeeklyTop5Picks W/E 10/30/15
LEA
NVDA
NTES
MMM
DVA"
2015-10-28,MMM nice!
2015-10-29,"3M VP Ian F. Hardgrove Sells 2,000 Shares MMM"
2015-10-30,"ITCI Intra-Cellular Therapies Inc. Last Price


ITCI EWY PMCB MMM"
2015-10-31,"UCO United States Gasoline Fund, LP Volume


UCO AFL MMM RWM    VelocityShares 3x…"
2015-11-03,"XLP Utilities Select Sector SPDR Dividend


XLP FEYE ATVI MMM"
2015-11-04,RT SeekingAlpha: The Art And Practice Of Portfolio Diversification  XOM MSFT MRK WMT EPD HASI EVA MMM EMR …
2015-11-04,"3M EVP Joaquin Delgado Sells 11,370 Shares MMM"
2015-11-04,"MMM 3M - End of Day Stock Quote
From our Stock News Alerts App"
2015-11-07,"3M Co VP Marlene Mary Mcgrath Sells 1,453,406.76 in MMM"
2015-11-07,"3M Co VP Marlene Mary Mcgrath Sells 1,453,406.76 in MMM"
2015-11-09,"MMM 3M - Post-it Brand Brings Suite of Collaboration Products to Fast Company Innovation Festival
From our Stock News Alerts App"
2015-11-10,A Diversified Product Line Helps 3M Long Term But There May Be Short-Term Chart Trouble  MMM
2015-11-12,CMF Improving  PCG MMM FOLD UNM EXAS HEFA BZH CPHD OZRK SBGI APO RXN KMB DBEU AVY MDY ALLE SWK
2015-11-13,Gain from movement in these buzzing assets AUDUSD FOSL GOOGL MMM  … … … … … … …
2015-11-13,PLUG MMM Plug Power Inc Inks Strategic Supply Agreement With 3M
2015-11-13,"FXE Currency Shares Euro Trust Last Price


FXE MMM BABA BIDU"
2015-11-13,Key Factors To Pick Strong Dividend Growth Stocks  MMM JNJ
2015-11-14,"RT : MMM 3M Co. Stock Message Board


MMM PER UA HYG"
2015-11-16,Dow  Trend DD GE DIS GS V JPM JNJ MMM MSFT TRV UTX MRK KO XOM PG BA INTC MCD CVX CSCO @
2015-11-21,"ANF Opinions Updated Friday, November 20, 2015 11:11:07 PM KO PFE MMM XLF"
2015-11-22,"MMM:

3M – Own This Goliath Of Innovation:"
2015-11-25,Sign up for a Free Stock Alert for MMM
2015-11-25,MMM:US 3M Company: The Bull and Bear Cases  CO
2015-11-26,"FSLR Last Price Updated Thursday, November 26, 2015 01:10:20 AM JBLU SBUX MMM DIS"
2015-11-26,"GLD SPDR Gold Trust Shares News


GLD MMM GS SLTD"
2015-11-30,MMM +0.23% Stock Charts MMM 3M Co. (NYSE) Last Updated: 11/29/2015 19:23:52 MMM Stock Chart - 1 Month
2015-12-02,"MBLY Mobileye NV Filings


MBLY FXI TTCM MMM"
2015-12-07,These assets are seeing a jump in tweets FRU MMM TATA TSLA USDJPY
2015-12-08,RT : Plug Powers potential  for  is vast.  →    MMM
2015-12-11,"RT : ORI Old Republic Intl Corp. Volume


ORI FNMA MMM TRVN"
2015-12-12,"RT : MMM 3M Co. Stock Message Board


MMM TTCM PHM XLV"
2015-12-13,"NVDA Old Republic Intl Corp. EOD Data


NVDA BAC ERY MMM"
2015-12-14,"GOV Government Properties Income Trust Current Price


GOV MMM BBD/B.TO EPGL"
2015-12-14,"MMM Recent News Updated Monday, December 14, 2015 06:59:20 AM HDGE VLTC FORD AXP"
2015-12-19,3M Co MMM Shares Sold by Gerstein Fisher
2015-12-20,RT : Watch Our Weekly Video Recap LIVE from the Floor of the NYSE  Recaps of: VRX MMM P SCTY
2015-12-20,RT : Watch Our Weekly Video Recap LIVE from the Floor of the NYSE  Recaps of: VRX MMM P SCTY
2015-12-20,RT : Watch Our Weekly Video Recap LIVE from the Floor of the NYSE  Recaps of: VRX MMM P SCTY
2015-12-20,RT : Watch Our Weekly Video Recap LIVE from the Floor of the NYSE  Recaps of: VRX MMM P SCTY
2015-12-20,RT : Watch Our Weekly Video Recap LIVE from the Floor of the NYSE  Recaps of: VRX MMM P SCTY
2015-12-20,RT : Watch Our Weekly Video Recap LIVE from the Floor of the NYSE  Recaps of: VRX MMM P SCTY
2015-12-20,RT : Watch Our Weekly Video Recap LIVE from the Floor of the NYSE  Recaps of: VRX MMM P SCTY
2015-12-20,RT : Watch Our Weekly Video Recap LIVE from the Floor of the NYSE  Recaps of: VRX MMM P SCTY
2015-12-20,RT : Watch Our Weekly Video Recap LIVE from the Floor of the NYSE  Recaps of: VRX MMM P SCTY
2015-12-23,Traders Sell 3M Co MMM on Strength MMM
2015-12-23,Trading Strategies Partners:  AAPL NFLX QQQ SPY DJIA VZ GS INTC AA INTC NFLX GS JPM T MMM AMGN
2015-12-25,"HAWK Blackhawk Network Holdings, Inc. Summary


HAWK KHC ERY MMM"
2015-12-25,Check which story for  has the highest score V MMM MCD
2015-12-27,Check which story for  has the highest score V MMM MCD
2015-12-28,Trading Strategies Partners:  AAPL NFLX QQQ SPY DJIA VZ GS INTC AA INTC NFLX GS JPM T MMM AMGN
2015-12-29,14 Stocks With Serious Upside Potential In 2016 -  - HRL MA MMM SBUX TXN V VMC WFM INTU BMY EL MPC TWX
2015-12-29,"Trading Strategies for stocks, ETFs and Penny stocks:   QQQ SPY DJIA DIA AAPL NFLX DD MMM MET DIS GE SPLS"
2015-12-31,"SCTY SolarCity Corp. Quotes


SCTY VTI MMM COST"
2015-12-31,"UWTI VelocityShares 3x Long Crude ETN Day High


UWTI UNG MMM UGAZ"
2016-01-02,Check which story for  has the highest score V MMM MCD
2016-01-04,Check which story for  has the highest score V MMM MCD
2016-01-06,"SH Recent News Updated Wednesday, January 6, 2016 03:10:54 AM CDE MMM POT KMI"
2016-01-09,Chicago Trust Company Lowers Position in 3M Co MMM
2016-01-10,Chicago Trust Company Lowers Position in 3M Co MMM
2016-01-15,"OXIS Oxis Intl, Inc. 52Wk High


OXIS TPAC MMM BABA"
2016-01-18,These Stocks Have Risen Dividends Over 50 Years Without A Break -  - CINF FMCB GPC KO LANC MMM NDSN LOW EMR
2016-01-19,"DIA SPDR DJ Industrial Average ETF Trust Bid Size


DIA MMM BAC COST"
2016-01-21,RT : MMM Crosses Above 3% Yield Territory DIA
2016-01-21,"MMM Altria Group Inc. Dividend


MMM XLF NVDA JNJ"
2016-01-24,MMM reports Tuesday already guided down 2 weeks ago
2016-01-25,23 Dividend Growth Stocks With Highest Growth And Strongest Buy Rating -  - LEG WBA VFC TGT ITW FDO AFL MMM
2016-01-27,The New Dogs Of The Dow - 2016  AAPL  AXP BA CAT CSCO CVX GE IBM INTC KO MCD MMM MRK PFE PG T
2016-01-27,Dow Jones Industrial Average Falling Today Ahead of Fed Statement  BA  C  GS  JNJ  LVS  MMM  PG  T  AAPL
2016-01-28,"Assetmark Has 360,000 Position in 3M Co MMM"
2016-01-28,"MMM:

3M Company (NYSE:MMM) Short Interest Update:"
2016-02-01,: Elects Two New Members to Board of Directors  MMM
2016-02-01,MMM received a new alert. Find out why at          333
2016-02-02,"3M boosts dividend 8%, authorizes 10B repurchase program MMM: Full Story"
2016-02-04,russurban: MMM and ETN were  *mentioned on CNBC Mad Money* earlier this evening.
2016-02-06,Weekly Dow  Trend VZ PG WMT DD CAT XOM UTX MMM IBM JPM GS TRV BA KO UNH JNJ AXP MCD  @
2016-02-08,"MMM:

New SEC Filing for MMM: Form NO ACT (No. 9999999997-16-016642):"
2016-02-09,"CVX Company Info Updated Monday, February 8, 2016 5:59:25 PM ERX DUG MMM DB"
2016-02-09,How Undervalued Is 3M At Current Prices?  MMM
2016-02-09,"KRE Company Info Updated Tuesday, February 9, 2016 04:59:22 AM DZK JNJ ITB MMM"
2016-02-10,MCD MMM PEP in 9 High Quality High Dividend Stocks &amp; High ROE for Volatile Markets by Merrill Lynch
2016-02-10,out GPRO -1%. in add put feb MMM
2016-02-12,"MMM Opinions Updated Friday, February 12, 2016 2:59:26 PM IYT T IBM XLK"
2016-02-13,Contravisory Investment Management Divests From Position in 3M Co MMM
2016-02-14,Check which story for  has the highest score V MMM MCD
2016-02-15,"NWBO Northwest Biotherapeutics, Inc. EOD Data


NWBO NUGT MMM DG"
2016-02-15,"TPAC Filings Updated Monday, February 15, 2016 1:59:26 PM AKRX MMM UVXY ERX"
2016-02-17,"XOM Recent News Updated Wednesday, February 17, 2016 2:59:23 PM GE VWO MO MMM"
2016-02-17,MMM shortable
2016-02-18,"MMM 3M Co. News


MMM WYNN MMM BND"
2016-02-20,"AMZN  Inc. Shares


AMZN MMM CMG UVXY"
2016-02-21,"MMM Company Info Updated Sunday, February 21, 2016 11:59:22 AM WYNN DGAZ OIH UPRO"
2016-02-21,"CTSH Cognizant Technology Solutions Corp. Stock Message Board


CTSH MMM QTMM XOM"
2016-02-22,"RSP Guggenheim S&amp;P 500 Equal Weight ETF Quotes


RSP MMM BGS PFE"
2016-02-23,"RT : Start   With 500
&amp; Turn it UP To 5,000💰

♛ 

MMM KMI SPXU VZ
h…"
2016-02-23,"RT : Start   With 500
&amp; Turn it UP To 5,000💰

♛ 

MMM KMI SPXU VZ
h…"
2016-02-23,Trading Strategies Partners:  AAPL NFLX QQQ SPY DJIA VZ GS INTC AA INTC NFLX GS JPM T MMM AMGN
2016-02-23,MMM Interesting October Stock Options for MMM .More at
2016-02-24,"TLIF SOMETHING BIG IS COMING!

CHECK OUT THIS RECENT NEWS 

UWTI JNJ SSRI MMM AAPL ALU"
2016-02-26,"YINN Light Crude Oil - Apr 2016 (EOD) Stock Message Board


YINN MMM HAL L.TO"
2016-02-27,"DRI Darden Restaurants, Inc. News


DRI ECIG VGZ MMM"
2016-02-28,"Nordea Investment Management AB Has 15,613,000 Position in 3M Co MMM"
2016-03-04,MMM - 3M Co  Stake Cut by Trustco Bank Corp N Y
2016-03-08,Check which story for  has the highest score V MMM MCD
2016-03-08,Weekly Dow  Trend CAT CVX IBM XOM WMT VZ UTX MMM UNH CSCO MRK DD PG AXP JNJ BA KO DIS  @
2016-03-08,Check which story for  has the highest score V MMM MCD
2016-03-10,3M Co MMM Shares Sold by TIAA CREF Trust Co. FSB MO
2016-03-10,"MMM:

Large Cap Key Stocks of the Day: 3M Company (NYSE:MMM):"
2016-03-10,3M Co MMM Position Held by Glenview State Bank Trust DEPT.
2016-03-10,"Real-Time feed of company contracts, original agreements and executive updates from MMM"
2016-03-24,RT : REPORT: KKR to explore sale or IPO of Capsugel:  KKR MMM DHR
2016-03-24,Check which story for  has the highest score V MMM MCD
2016-03-26,MMM:US Investors Sell Shares of 3M Co (MMM) on Strength (MMM)  CO
2016-03-28,Dow  Trend GE MMM UNH TRV WMT JNJ KO IBM MCD CAT UTX XOM PG VZ MRK HD CVX V CSCO AAPL @
2016-03-29,"Bristol John W &amp; Co. Inc. NY Sells 15,339 Shares of 3M Co MMM"
2016-03-29,"Bristol John W &amp; Co. Inc. NY Sells 15,339 Shares of 3M Co MMM"
2016-03-29,MMM 3M Co Daily:1.11% Weekly:0.87% YTD:11.18% Trend:88 / 100
