Date,Tweet
2014-01-07,The Procter &amp; Gamble Company : Jennifer Hudson to Receive Second Annual ... PG
2014-01-08,PG - Aussie and Nickelodeon Launch Dora the Explorer-Inspired Kids’ Hair Care Collection for a No-Worries
2014-01-09,The Procter &amp; Gamble Company : Patent Issued for Tool for Separating a Hair ... PG
2014-01-10,"PG Zankyou, a Wedding Registry That Speaks Your Language"
2014-01-16,"PG [] In Aisle Five, 50 Skin Cream"
2014-01-16,PG Pampers Partners with Olympic Skeleton Slider Noelle Pikus Pace to Celebrate Babies’ Milestones
2014-01-16,"U might not be familiar w Gerresheimer, but here r some of their customers Unilever   PG Nestle, Thermo, AZN PFE"
2014-01-22,"Emerging Markets Will Continue To Lead Procter &amp; Gamble's Growth, Beauty Has A Moderate...  by Trefis Team PG CL UL"
2014-01-22,WO2014011839A1 Stretchable Laminates For Absorbent Articles And Methods For Making The Same PG
2014-01-23,Wow. Great   on CYCC PGC FB PG Visit
2014-01-23,PG - Whisper Number: How Will Procter &amp; Gamble Investors React to Earnings? -&gt;
2014-01-24,P&amp;G's 3.4B profit is down 16% from 2Q a year ago.  PG
2014-01-24,PG Procter &amp; Gamble 2nd-qtr profit falls; sales up slightly
2014-01-24,PG - P&amp;G Says Demand in Emerging Markets Remains Strong -- 2nd Update
2014-01-25,PG Stocks Fall Sharply on Global Worries
2014-01-26,PG Beard craze hits Procter &amp; Gamble razor sales
2014-01-27,Buy or sell? ENMD MNTX ETR PG Worth a look
2014-01-27,Should you buy JRCC NBTB EQT PG View now
2014-01-27,Get research on HRS RVSB VSH  PG Must see
2014-01-28,Chocolate Toothpaste: Procter &amp; Gamble Introduces New Crest Products  PG
2014-01-28,Todays Stocks to Watch KDN VNDA MOH PG Give it a try
2014-01-29,Insider Trading news on PG ENVI VMI IBM Must see
2014-01-29,"RT : PSMA-ADC ⬇CTC to &lt;5 in 43% of heavily pre-treated,taxane-refractory mCRPC pts,which should⬆OS signif. Makes no sense that PG…"
2014-01-30,Thinking of Investing in ABIO GCOM CRVL PG View now
2014-01-31,Sign up for a free Stock Alert for PG
2014-01-31,Insider Trading news on APFC SKUL LNKD PG Must see
2014-01-31,PG: Standpoint Research ups to Hold
2014-01-31,Thinking of Investing in WPC BPOP DRTX PG Check out
2014-01-31,"PG Insider Roster PG QLD XLE SSRI X Buy or Sell?,50 Simple Moving Average,Open,News,alot of talk going ar"
2014-01-31,PG - The Best Sector For The Long Haul: Which Stocks Look Good Today? -&gt;
2014-02-01,Get  Market Reports on FFG BRKL HTBK PG Check out
2014-02-01,Best  Newsletter on MCD CTGX ANCI PG Goto
2014-02-03,Are you holding AOSL MCHP ADMP PG Goto
2014-02-04,"Highest  open interest 
BAC JAN15 17 call
BAC JAN15 15 call
NBG JAN15 7 call
BAC JAN15 12 put
PG 15jan15 70 call"
2014-02-06,Stock Update: The Procter &amp; Gamble Company (NYSE:PG) – Procter &amp; Gamble ... PG
2014-02-06,Research on NKSH ASYS EMO PG Goto
2014-02-06,Are you holding PBIO VLY IDSA PG Try this
2014-02-06,Dividend Growth Gems Still Provide Significant Opportunity  MSFT   PG
2014-02-07,PG The Procter &amp; Gamble Company (NYSE:PG) | Demi Lovato Neon Lights Tour ...
2014-02-08,PG Demi Lovato Neon Lights Tour Welcomes The Radiant Collection as an Off...
2014-02-11,""": Procter &amp; Gamble says it will take loss of 230-280 million on move from Venezuela's Cadivi rate to Sicad of about 11.4. PG"""
2014-02-12,RT : Selloff In Household/Personal Care Products Stocks Overdone?  EEM PG KMB CL AVP
2014-02-13,research MDR PG GD RAX Must see
2014-02-13,PG - New GM CEO and Twitter board member change the ratios -&gt;
2014-02-13,Venezuela: The Last Days of Private Enterprise   via   GM PG HLF MELI AMZN AAPL TM
2014-02-13,Venezuela: The Last Days of Private Enterprise   via   GM PG HLF MELI AMZN AAPL TM
2014-02-14,"| Looking at today's price action in PG and yesterday's failed short sell, I am reminded of why trading rules are important."
2014-02-18,Top  today OII PG APOL AIG Give it a try
2014-02-20,We shared an update on our business today at . Listen to what we said  PG
2014-02-23,Research on EQIX PG FLT LUK SPY
2014-02-24,Procter &amp; Gamble looks to unload MDVIP  PG
2014-02-24,Best information on  like MD BLL CBSH PG JNUG
2014-02-26,PG - Procter &amp; Gamble: A Valuation Review -&gt;
2014-02-27,Risk And Reward Analysis Of Apple's Stock  CVX JNJ KO PEP PG AAPL
2014-02-27,9 Dogs Of The Dow Seek 10% To 17% February Upsides  CSCO  CVX GE INTC JNJ JPM KO MCD MSFT PFE PG
2014-03-03,PG [video] Buffett: Earned income tax credit vs. minimum wage hike
2014-03-04,"PG Insider Trading Alert - FANG, MOH And PG Traded By Insiders"
2014-03-06,"Igual subo hoy ""TRPGME PART 1"" así que darme amor, porque yo ya no os trasmito amor, el amor es de pobres."
2014-03-09,"Before facial hair becomes uncool, go long PG"
2014-03-11,Has Procter &amp; Gamble Created the Perfect Diaper?   via  PG KMB TGT
2014-03-11,STT Bullish on these  SBAC PG CHTP  RATE_LIMIT_EXCEEDED
2014-03-14,PG - Succession Process Coming Up Short -&gt;
2014-03-14,PG The Procter &amp; Gamble Company (PG) news: Procter &amp; Gamble's Price Is ...
2014-03-17,Weekly Dow  Trend T PG JNJ NKE CVX MCD WMT KO DD AXP UNH HD MSFT INTC DIS GE GS TRV  @
2014-03-17,Are you Investing in XLNX PG QEP NUAN
2014-03-19,"PG Technical Data - Most Active Stocks: Aeropostale, Procter &amp; Gamble ..."
2014-03-19,PG - 9:01 am Procter &amp; Gamble and Hello Products agree to a stipulated prel... -&gt;
2014-03-21,PG AG Lafley's Recent Book Is A Leader's Guide To Building An Everyday Strategic ...
2014-03-24,PG 'We're Not Your Father's Clorox'
2014-03-24,PG Dividend Growth Investing: An Introduction To Creating Wealth (Part 2)
2014-03-26,"PG The Latest From: KeyCorp (NYSE:KEY), Drug company Geron Corporation ..."
2014-03-26,"PG PragmatIC prints oxide transistor kitchen timer, and it's flexible"
2014-03-27,PG Marketers vote Unilever and P&amp;G as the brands with the most 'purpose'
2014-03-27,Spring Changes  GE GG HRUFF PG RIOCF WU
2014-03-31,Increased bullishness in PG (sentiment score of 1.74 on a scale of 0-4)
2014-03-31,PG ESADE Business School Commencement Speech
2014-04-01,Greenpeace report on P&amp;G's palm oil sources could spur industry change PG
2014-04-01,Procter    via   PG
2014-04-02,PG Hero MotoCorp in focus after good sales in March
2014-04-04,PG Public Health: 2014 Fact Base
2014-04-05,Check out this exceptional stock picking service!  KR FIVE HP RXII GMCR ADBE  BIIB SRPT PG KOL UPS DO JVA
2014-04-05,you migh want to Sell MB PG PNC CBM Goto
2014-04-08,Procter and Gamble PG Showing Bullish Technicals With Resistance At 81.64 (  )
2014-04-08,The Procter &amp; Gamble Company Plans Quarterly Dividend of 0.64 PG
2014-04-08,"PG - Procter &amp; Gamble: A Solid Dividend Growth Stock, Now With A 3.20% Yiel... -&gt;"
2014-04-08,PG Procter &amp; Gamble boosts dividend by 7%
2014-04-08,Procter &amp; Gamble boosts dividend by 7 percent PG
2014-04-08,PG P&amp;G changes palm oil policy following protests
2014-04-09,"PG Mars buys Procter &amp; Gamble brands IAMS Eukanuba, Natura Brands for 2.9B."
2014-04-09,Todays Stocks you should be watching CNW NBR PG SSO
2014-04-09,Bloomberg breaking news: Mars to Buy Part of Procter &amp; Gamble's Pet Food Business for 2.9 Billion via  PG
2014-04-09,Further info: ALK price target raised to 108 today. CVX PT at 130. GD PT raised to 133. PG PT raised to 87. All dividend stocks.
2014-04-09,Is it breakout time on PG CBST DOV RAX
2014-04-10,WYNN Current Price WYNN Most recent stock chart and technical analysis. GHDX STBV PG XLF XOM STBV http
2014-04-11,S&amp;P100  Trend COP MCD DVN SO CL KO IBM T HPQ CSCO AEP MDLZ PG MO SPG PEP CAT PM MRK  @
2014-04-11,RT : PG's low beta of 0.46 provides a good hedge against the volatile market
2014-04-11,"RT : PG Company News: Toyota, Procter &amp; Gamble, Mars, Alcoa, DirecTV, Constellation ..."
2014-04-12,PG: Procter &amp; Gamble: Are Analysts Third-Quarter Earnings Estimates Too Co...
2014-04-14,Potential Procter and Gamble PG Trade Has 3.90% Downside Protection (  )
2014-04-14,you migh want to Sell WY PG BEN SSO
2014-04-14,PG Are you looking for winners like CBST PCP CLF
2014-04-14,"I'll make you much more money... I hear that people are buying NyQuil, so I'm investing in PG."
2014-04-14,TFSL Todays movers to research OIS PG GAIN
2014-04-14,PG Proposal to the 2014 AGM from the Nomination Committee of Oriflame ...
2014-04-16,&amp;  : P&amp;G fournit son 7 milliardième litre d’eau potable dans le cadre... PG  via
2014-04-17,"Some US earnings highlights for next week GILD, T, MCD, UTX &amp; CMCSA Tues, AAPL, FB, QCOM &amp; PG Weds, MSFT, VZ, UPS AMZN on Thurs"
2014-04-17,The Procter &amp; Gamble Company (NYSE:PG) Sells Pet Food division to Mars for ... PG
2014-04-17,Vermont nears passage of GMO food labeling law MON PG PBJ
2014-04-17,Dow  Trend MMM XOM CVX DD T GE TRV KO PG CSCO WMT JNJ MCD UTX BA INTC MSFT NKE CAT V  @
2014-04-18,PG: Gillettes New Razor Could Overturn Its 100-Year-Old Business Model
2014-04-20,PG Procter &amp; Gamble sets traceable palm oil deadline
2014-04-21,Small-cap stocks making 52-wk highs HUN PG DO GOOG
2014-04-22,Find out  the latest on XLNX PG NEU AMZN Try this
2014-04-23,"If I got a  every time I spotted somebody in media writing Proctor &amp; Gamble instead of Procter &amp; Gamble, I'd be richer than Buffett. PG"
2014-04-23,PG - Are Kimberly-Clark and Procter &amp; Gamble Worth Buying Now? -&gt;
2014-04-23,PG How Procter &amp; Gamble Found Itself in Everyone's Cupboard
2014-04-23,Procter &amp; Gamble Co. (PG) Tops Q3 EPS by 2c; Guides FY14 PG
2014-04-23,PG Procter &amp; Gamble Co. (PG) Tops Q3 EPS by 2c; Guides FY14
2014-04-23,PG - P&amp;G Profit Edges Up Amid Sluggish Growth In Consumer Product Sales--Update
2014-04-24,The Procter &amp; Gamble Company Beats Earnings: Stock Price Can Increase This ... PG
2014-04-24,PG: Procter &amp; Gamble
2014-04-24,PG: Markets Open Lower on Wall Street
2014-04-25,RT : Online startups take on PG's ! Which is really the best  a man can get?
2014-04-25,Should you buy ENR PG FOXA RAX
2014-04-25,RT : S&amp;P500 Mega Caps with the Largest dividends: GE 3.3% CVX 3.2% PG 3.2% JPM 2.9% MSFT 2.81% JNJ 2.64% XOM 2.5% WMT…
2014-04-25,Dow  Trend WMT TRV CAT HD BA V AXP GS CSCO MRK GE PG KO JNJ CVX JPM MCD PFE XOM UNH  @
2014-04-26,Are you putting your money in EQR DDR PG RT Try this
2014-04-27,3 Of The Best Ways To Invest In China COH PG NKE   ... ...
2014-04-29,"Benjamin Graham: Dow 30 stocks using P/Es between 20-25 he used to prove future gains. Current stocks: BA, DD, NKE, PFE, PG, and V."
2014-04-29,DennyT: GOOG Bussinessweek GOOG PG WNTR ARGT DRNA
2014-04-30,PG  Research on CLWR TUP RT I suggest
2014-04-30,US Stocks &amp; Market Review Ichimoku and Candlestick video Apr29  VZ PG XOM SO
2014-04-30,US Stocks &amp; Market Review Ichimoku and Candlestick video 29Apr2014  VZ PG XOM SO
2014-04-30,"Dividend Investing: Look At The Payout Ratio, Not The Yield  ABC CVX KO PG WFC"
2014-05-02,Best research on  such s TMUS PG D QLYS Must have
2014-05-02,you might want to buy ENR PG RSG CADX
2014-05-02,MORN Wow. Great   on CAG PG LIVE
2014-05-03,Rosner: PG Procter &amp; Gamble Co. (The) PG Company
2014-05-04,RT : Price Appreciation Potential Key Factor In Earning Procter &amp; Gamble Bullish Thesis  PG
2014-05-04,PG Fur Was Flying for a Cause at the Flying Pig
2014-05-04,8 Dogs Of The Dow Divulge 6% To 16.5% April Upsides  CAT CSCO CVX GE HD INTC JPM KO MCD PFE PG T VZ
2014-05-05,Find out  the latest on CI PG D IBM
2014-05-05,"Should you buy, sell or hold BPOP PG C ABX"
2014-05-07,PG Get more info on FTNT ANAT USD Must have
2014-05-07,Stocks on  with spike in news coverage: DUK MDLZ AOL SE PG
2014-05-07,Todays Stocks you should be watching HUN PG PKG CAG
2014-05-09,"SBUX, AAL, FB, TQNT, PG, F and PHM diversified?"
2014-05-09,PG Procter &amp; Gamble Co Daily:0.09% Weekly:-0.22% YTD:1.68% Trend:65 / 100
2014-05-09,52 WK IV low touched: ABX EBAY PG  INTC PEIX
2014-05-09,new golden cross signals   PG T KO
2014-05-10,PG Old-School Names; Selective Forgiveness: Jim Cramer's Best Blogs
2014-05-13,"EARNINGS YIELD - '07 vs '14

S&amp;P
2007: 5.5% 
2014: 5.8%

NKE
2007: 6.6%
2014: 3.6%

PG
2007: 6.1%
2014: 4.6%

MMM
2007: 8.0%
2014: 4.6%"
2014-05-14,PG - Bounce™ Delivers Outdoor Fresh Scent to the Washer with New Bounce B... -&gt;
2014-05-14,Tide Dry Cleaners Celebrates Grand Opening of Two New Stores in Little Rock PG
2014-05-15,"RT : Rally in ""safety"" stocks getting bit stretched, seeing signs of put buying perking in PG, CL and other XLP componen…"
2014-05-16,PG P&amp;G to open Dayton-area distribution center
2014-05-17,Are you Bullish on these  OSK CLGX PG AAPL
2014-05-19,"PG Stock Contest 5-18-2014 Click Here: 

PGJ NOAH PFE SLV ~"
2014-05-19,PG Here are some Stocks to Watch EXR SIAL IR
2014-05-20,RT : DJIA -165 pts. 28 of 30 components are lower. What's up?  +1.9% &amp; PG +.3%
2014-05-20,PG Warby Parker co-founder takes on Gillette
2014-05-21,PG - The Procter &amp; Gamble Company (NYSE:PG) Is All Set To Offer 800 New Jobs at Dayton-Area Warehouse -
2014-05-22,Looking for more info on PG AWH BMRN AAPL
2014-05-22,Latest Earnings info on CAH PG FTNT AMZN
2014-05-29,PG Nestle boosts skincare business with 1.4 bln Valeant deal
2014-06-02,Let Dividends Do The Heavy Lifting For Your Retirement  CVX GIS GPC JNJ KO MO PEP PG TGT XOM
2014-06-02,PG Seeking the next stock like ADI LB GOOG
2014-06-03,PG Doves and hawks: Why do changes at the Fed matter to investors?
2014-06-05,PG Europe leads the way in women board representation
2014-06-05,"Best  5Jun  TRV , PG , CVX , UNH"
2014-06-06,Couple of Stocks you should Watch RGC MB PG CAG View now
2014-06-09,SPW Find more winners like HME PG LGND
2014-06-09,Are you looking for winners like PG PNC LLY AAPL
2014-06-09,"by   PG  
CHECK IT OUT"
2014-06-09,"PG Personal Products: The Procter &amp; Gamble Company (NYSE:PG), Colgate ..."
2014-06-11,Procter &amp; Gamble : Assigned Patent  PG
2014-06-11,started buying back PG
2014-06-11,BRE Find more winners like MYGN PG YOD
2014-06-12,TMO Best research on  such s SPLK PG AAPL Must see
2014-06-12,RT :   PG  Globally buzzing ! We appreciate y'all keep supporting us.
2014-06-12,PG - Procter &amp; Gamble Is Moving Ahead Nicely -&gt;
2014-06-12,"Should you buy, sell or hold CLGX PG WMT ISRG Give it a try"
2014-06-12,RT : Starbucks wants to energize you and your device. Via     SBUX PG AAPL
2014-06-12,PG Should you buy ZION AHL CHTP Try this
2014-06-12,PG: How Will Procter &amp; Gamble (PG) Stock Be Affected By Revised Guidance?
2014-06-13,Are you looking to buy PCL PG SNV WTW
2014-06-13,BBBY Here are some Stocks to Watch GME PG OPK Click
2014-06-13,PG Grocery Store Wars: Procter &amp; Gamble Vs. General Mills - Which Is The Best ...
2014-06-19,PG CORRECTING and REPLACING Prilosec OTC Gives Fans a Chance to Win 1000 Prizes Every 14 Days This Summer
2014-06-21,Hopefully CPG thuggin with  2night! 👌
2014-06-23,Premier Gold Mines announces earnings. 0.03 EPS. Beats estimates.  PG
2014-06-25,"Block Trade: 1:33 PG Jan15'16 70 C (PHLX) 9.75 90000x
Today's Full Report:"
2014-06-26,"6 Stocks With 50 Years Of Consecutive Dividend Raises PG, DBD, NWN, VVC, CINF, KO"
2014-06-26,"CBS Stock Forum 

Also See: PG AVEW ADCS PETV ~"
2014-06-27,"ADCS P/E Ratio 

Also See: MON ONE IDGC PG ~"
2014-06-27,"""Why can't 'run like a girl' also mean to win the race?""  Is No Longer an Insult  Ad PG Always"
2014-06-28,MD Get great research on stocks AJG PG TUR
2014-06-28,EWBC Considering investing in HUN PG RT View now
2014-06-28,chartguy89: MU Stock Chart MU F PG PAYD
2014-06-30,Todays Stocks you should be watching TCO PG FLR CSIQ
2014-06-30,PG   research EL BMY DUST
2014-06-30,PG “: Obama to nominate former P&amp;G CEO Bob McDonald as veterans secretary
2014-06-30,Ex-Procter &amp; Gamble CEO Bob McDonald... our new Veterans Affairs head? What's going on here?   PG
2014-07-01,PG Tide® is on the Hunt to Find America’s Messiest Foods..
2014-07-02,PG Are you thinking of selling UGI CBG WTW Must have
2014-07-02,DST  to hold onto MPC PG SSO
2014-07-02,Whats going on with BRCM PG HXL LGND
2014-07-03,PG - P&amp;G to Webcast Discussion of Fourth Quarter 2013/14 Earnings Results on August 1
2014-07-03,PG Best research on  such s FOXA BMS CI Goto
2014-07-03,AMG Get the latest on SPLK PG FB  RATE_LIMIT_EXCEEDED
2014-07-03,MD Seeking the next hot  BKD PG FB Goto
2014-07-04,RGC Top Performing  today HUN PG GOGO
2014-07-04,"RT : beauty &amp; the beast &amp; : The business of beauty faces a new, ugly reality  AVP PG REV"
2014-07-06,Did you lose money on ASBC PG APOL ISRG
2014-07-06,"AFPW Dividend 

Also See: PG TWTR PMCM TWTR ~"
2014-07-07,Get more info on NI PG APOL AAPL
2014-07-07,Todays movers to research JDSU PG RSG SLW
2014-07-07,PG Earnings news on LGF DFS CSIQ
2014-07-07,PG Earnings news on GAS BIG VFC I suggest
2014-07-07,CBL Small-cap stocks making 52-wk highs CI PG IGN  RATE_LIMIT_EXCEEDED
2014-07-07,"NEWL Change 

Also See: CAG YHOO PG PETV ~"
2014-07-08,Here are some Stocks to Watch OII PG UA DO Worth a look
2014-07-08,RT : We’re continuing to return cash to shareholders w today’s quarterly dividend declaration:  PG htt…
2014-07-08,Should you hold or add to  COST ASBC PG GAIN
2014-07-09,Are you looking to buy KOS PG ADI TRLA  RATE_LIMIT_EXCEEDED
2014-07-09,Looking for research on EQR ODFL PG ISRG Give it a try
2014-07-09,"PG Filings 

Also See: STLD RGDO BRCD MSFT ~"
2014-07-11,""": Wells Fargo Downgrades Procter &amp; Gamble (PG) to Market Perform"
2014-07-11,"FOXA Financials 

Also See: PG APT MSFT TDEY ~"
2014-07-13,PG: Procter &amp; Gamble - No Reason To Worry Over Wells Fargo's Downgrade (PG)
2014-07-15,PG Seeking the next stock like CPRT ROP DO Check out
2014-07-16,Top Performing  today DSW PG CLWR FB  RATE_LIMIT_EXCEEDED
2014-07-16,SPW Todays movers to research MB PG LIVE Visit RATE_LIMIT_EXCEEDED
2014-07-17,you might want to sell BPOP PG ZION PCLN
2014-07-18,HTS Wow. Great   on NBL PG SSO Try this
2014-07-18,RGC Some Stocks to Watch AAN PG RT
2014-07-18,The Procter &amp; Gamble Company Receives Average Rating of “Hold” from ... PG
2014-07-19,PG Considering investing in ZTS MU GOOG
2014-07-20,The Read of the Weekend :  KMB PG SPX SPY
2014-07-21,you might want to buy ATI PG PBCT CAG View now
2014-07-23,Parabolic Sar Sell Signals AMAT ARO BLL CCK CDNS COL GGAL HA KGC KMB KO KRG LAMR LPT PG POL TEP WMT
2014-07-23,I wanna cop some CPG merch 🙌
2014-07-24,Todays movers to research OSK ATI PG GOOG I suggest
2014-07-24,ACT Are you Investing in DSW PG RT
2014-07-24,RT : PG long  via
2014-07-25,PG Buying  or selling? HIG CNX IBM Goto
2014-07-25,Get great research on stocks CLGX PG TECD CI View now
2014-07-29,Procter &amp; Gamble traders check out indexpro - it picks the best of S&amp;P 500 for you PG SPY
2014-07-29,PG - Senate Confirms Robert McDonald as VA Secretary
2014-07-30,The Day I Held Everything  COP GIS PG V CVX IBM SPY WFC DIA JPM T WMT GE KO TGT Z
2014-08-01,RT : P&amp;G Slim-Down Plans Follow ‘Fit and Focused’ M&amp;A Playbook  PG
2014-08-01,"Market News: GoPro Inc, Expedia Inc., The Procter &amp; Gamble Company PG"
2014-08-01,PG just reported earnings for Q4 2014 –
2014-08-01,"Early movers: BYI, TSLA, HLT, LKND, LVS, PG &amp; more"
2014-08-01,Procter &amp; Gamble Q4 14 results: Core EPS came in at 0.89 (est 0.91); with Revenue of 20.16B (est 20.30B) PG
2014-08-01,PG Considering investing in INTC MKL TRLA
2014-08-01,"RT : Fiscal Year all-in net sales ^1% to 83.1 billion; organic sales ^3%, within our target range:  PG"
2014-08-01,"PG - P&amp;G Delivers Fiscal Year Commitments; Organic Sales Increase 3%, Core Earnings Per Share up 5%"
2014-08-01,"Procter &amp; Gamble beats by 0.04, misses on revenue   PG"
2014-08-01,CVX PG CLX WETF BKW HLT
2014-08-01,RT : WOW: P&amp;G announces plans to shed up to 100 minor brands   PG
2014-08-01,Outlook for August 2014  JNJ MDT CVX RCI BNS CNI NSC PG UL
2014-08-01,RT : Today was particularly tough for these household names  PG KO
2014-08-02,CLH Do you think you should hold MAS PG TUR Try this
2014-08-02,Weekly Dow  Trend PG INTC GS GE MSFT JPM NKE HD V MCD BA TRV UTX KO IBM CVX T DIS DD  @
2014-08-02,Is it breakout time on AVP PG ZION AAPL
2014-08-02,"PG CEO actually said this today: ""Obviously, we're hoping to find success in female incontinence,"" Lafley said."
2014-08-04,PG Very nice chart. Be prepared to take off
2014-08-04,"UNGS Filings 

Also See: ADM PG GLOG BRGO ~"
2014-08-11,PREDICT on PG ( Why Proctor &amp; Gamble Is Slashing Its Product Portfolio
2014-08-11,PG - Statement of Changes in Beneficial Ownership (4)
2014-08-11,PG - Statement of Changes in Beneficial Ownership (4)
2014-08-12,What Procter &amp; Gamble's Brand Downsizing Means for Your Portfolio PG
2014-08-12,"CMG Financials 

Also See: FCX PG THRM ERBB ~"
2014-08-12,Procter &amp; Gamble is REALLY Cleaning House PG
2014-08-14,Seeking the next hot  JDSU PG MSCI LIVE
2014-08-15,Weekly Dow  Trend MRK HD CAT DIS BA TRV MSFT PG JNJ GE UTX INTC MMM KO JPM NKE DD UNH  @
2014-08-15,Dow  Trend BA MRK DIS HD CAT TRV PG MSFT JNJ GE UTX KO JPM MMM NKE INTC DD PFE T V  @
2014-08-18,RT : 20 Most Recommended Dividend Aristocrats -  - PG KO PEP GWW - Please Retweet
2014-08-18,Dow  Trend UTX NKE BA MMM CAT PG DIS JPM DD HD TRV KO MRK MSFT GS GE JNJ WMT AXP PFE  @
2014-08-25,"CL, KMB, PG, UL Head to Head Benchmark on  data, aka  disclosures."
2014-08-25,PG 5 P&amp;amp;G execs best positioned to become CEO
2014-08-26,PG - Charmin Deploys Dump Truck to Times Square for National Toilet Paper Day Giveaway and Celebration
2014-08-26,Stock_Tracker: Stock DD Board: Procter &amp; Gamble Company (PG) 83.54 PG Final
2014-08-26,RT : Procter &amp; Gamble: A Product Transformation Play And Increasing Dividends  CL CLX ENR KMB PG
2014-08-27,"FEYE Open 

Also See: URBN AMD PG XIV ~"
2014-08-30,Procter &amp; Gamble vs Kimberly-Clark: Which Is More Focused on Growth? PG
2014-09-06,"Procter &amp; Gamble Company (PG) 83.77 PG Midday Glance: Consumer companies AP - Fri Sep 05, 2:45PM CDT NEW YORK"
2014-09-07,"Stock Contest!! Pick CHL and WIN a FREE Tablet!! Enter NOW! Click here for details: 

DDD PG VALE WMT ~"
2014-09-07,Guess which countries are on the rise for P&amp;G PG
2014-09-08,"QLD P/E Ratio 

Also See: HNU.TO PG PBR PCLN ~"
2014-09-08,Procter and Gamble PG Trading Near 84.28 Resistance Level (  )
2014-09-09,PG Tooth Sensitivity Sufferers Rejoice with First-of-its-Kind At-Home Treatment from Crest(R)
2014-09-09,Dow  Trend MSFT NKE MRK BA MMM INTC UNH T V GE JPM KO JNJ PFE GS WMT HD PG UTX DIS  @
2014-09-09,A Dividend ’s Quiet Ascent      PFM PG KO PEP
2014-09-11,"SUNE Filings

Click Here: 

Also See: PG PLUG UGAZ VALE ~"
2014-09-16,Setups I liked today that we'll again be watching tomorrow  PG WB CLF HAL FCX TSLA TUBE BITA  More setups
2014-09-17,I'll hold my PG stock for decades
2014-09-18,Premier Gold Mines Rating Reiterated by Scotiabank PG
2014-09-30,PG - P&amp;G to Webcast Presentation from the Procter &amp; Gamble 2014 Annual Meeting of Shareholders October 14
2014-10-08,Casino et Intermarché s'allient dans l'achat de grandes marques en France  CO NESN CA OR BN SK PG
2014-10-08,Dow  Trend KO WMT T XOM VZ NKE HD JPM TRV MRK GS MCD PG MSFT DIS IBM INTC MMM AXP BA  @
2014-10-09,Short Interest in The Procter &amp; Gamble Company Declines By 10.6% PG
2014-10-10,Invest Like Markets Will Be Closed For The Next 20 Years  JNJ KO MCD MKC PEP PG
2014-10-11,Benefit to PG?  Up nice yesterday
2014-10-12,PG Procter &amp; Gamble Co. (The) PG Company Overview Stock Message Board Recent Posts
2014-10-15,"PG - Actress Katie Holmes, the First Olay Global Brand Ambassador, Stars in New Global Advertising Campaign"
2014-10-19,Procter &amp; Gamble's Dividend Outlook For 2015 And 2016  PG
2014-10-21,PG Current Price Date=Oct-21-2014 Open=84.35 High=84.55 Low=83.75 Close=84.46 Volume=3138713
2014-10-21,"DD News

Click Here: 

Also See: EXK TLT CENX PG ~"
2014-10-21,PG:US  &amp; GAMBLE CO 21Oct Positive
2014-10-23,"UPDATED: P&amp;G CEO contender, others out amid reshuffle   PG"
2014-10-24,Microsoft and P&amp;G beats earnings via  -  MSFT PG
2014-10-27,Top Stock Picks: PG EW TWTR GILD CELG RGLS FB DRIV BAC AAPL
2014-10-29,PG - Statement of Changes in Beneficial Ownership (4)
2014-10-31,PG:US Procter &amp; Gamble Q1 net profit at Rs 615 million  &amp; GAMBLE CO
2014-11-02,DennyT: 10/31/14 PG 87.27 Procter &amp; Gamble Company PG
2014-11-05,Dow  Trend V JPM CSCO WMT NKE MCD MRK UTX AXP MSFT PG TRV JNJ DD MMM UNH T GS PFE XOM @
2014-11-25,PG Get the latest on AGNC PCP DUST
2014-11-25,"I like ups fdx PG wfm but equities are high right now, holding for another dip like in october."
2014-11-30,"PG - Mars, Incorporated Completes Acquisition of Procter &amp; Gamble's Pet Food Business in Australia and New"
2014-12-04,Upgraded: PSUN RYAAY ORAN FRM REG PG INFI MBLY EOX BP LOCO NTLS MA MSI CNC
2014-12-06,PENN Are you thinking of selling NBR PG CHTP View now
2014-12-06,RT : Consumer Goods Sector: Upgrades: GIL TSN GNTX PG THS KO GPRO NAV BERY KATE PF bws MDLZ BWA
2014-12-07,Are you Bearish on these  BRE AON PG AAPL
2014-12-09,Avoid mistakes like WWAV JDSU PG DO Worth a look
2014-12-11,Do you need   on  CFR NDSN PG SSO
2014-12-13,"RT : I fucked w/ CPG so hard, so it's weird i'm cool w/ most of em now.

..........All listened to was Propr Boyz, Mink Rug &amp; …"
2014-12-15,RL  Research on VAL PG GRPN Give it a try
2014-12-19,Are you looking for winners like PG AWH LB GOOG View now
2014-12-25,"SLV Company Info Updated Thursday, December 25, 2014 3:03:36 PM LULU CLF NQ PG"
2014-12-25,"PG Recent News Updated Thursday, December 25, 2014 3:11:54 PM BIIB AMT JOY MCD"
2014-12-30,PG Procter &amp; Gamble Co Daily:-0.88% Weekly:0.04% YTD:17.38% Trend:66 / 100
2015-01-01,RT : I want a  x  CPG tee :(
2015-01-05,RT : Prepping an Entry into P&amp;G Stock  via  PG
2015-01-06,PG Master the Art of Dramatic Colour! Introducing NEW Vidal Sassoon Salonist™: Elevating Home Hair Colour i...
2015-01-07,"RT : The Ohio State Buckeye edition of Zacks Rank Buys (video) LABL, CTAS, PG    …"
2015-01-07,"KO PG News: ""The Great Recession's 'Devastating Effect' On The '4% Rule' GE …""  Board view:"
2015-01-10,"DIS Stock Message Board Updated Saturday, January 10, 2015 05:59:24 AM PG AEM XLB PCLN"
2015-01-10,PG:US P&amp;G Recognizes Top Performing Global Partners  &amp; GAMBLE CO
2015-01-20,PG - Unilever Profit Rises Despite China Sales Slump--2nd Update
2015-01-20,Discover what lets you build a portfolio with higher returns. MMM XOM PG UGI ARLP GLP
2015-01-23,"PG - Kimberly-Clark Posts a Loss, Gives Disappointing Outlook"
2015-01-23,"PG, HON, BMY, GWW reporting today. See last 4 qrtrs of price movement history on the earnings announcement."
2015-01-26,PG Procter &amp; Gamble Co Daily:-1.68% Weekly:-1.28% YTD:-1.11% Trend:50 / 100
2015-01-26,New Trade PG: WKRAP in Cincinnati
2015-01-27,PG - U.S. Stock Futures Decline
2015-01-27,"Pfizer Inc., Procter &amp; Gamble Co Edge Out Earnings Estimates PG PFE"
2015-01-27,Procter &amp; Gamble Co  Shares Down 3.7%  Following Weak Earnings PG
2015-01-27,We’re extending our breakthrough Flexball tech to women w  Swirl:  PG
2015-01-27,PG management's demand for such products is probably on the rise too.
2015-01-27,"Pfizer Inc., Procter &amp; Gamble Co Edge Out Earnings Estimates PG"
2015-01-27,RT : FCX CAT PG MSFT DD stock
2015-01-27,Futuros a la baja por resultados de DD MSFT PFE UTX PG CAT
2015-01-27,Your estimate for PG Q2 2015 has been scored –
2015-01-27,"PG ""outlook..yr..remain challenging. Foreign exchange..reduce..2015 sales by 5%..earnings by 12%..@ least 1.4 billion after tax"" FX blues!"
2015-01-27,"We would have bought a reverse hammer candle (with stop under) on PG 87.5, but gap below, not much to do now"
2015-01-28,TOP Current Discussions in the Market  CAT FOXT NOVN IAG PG MAT SPD YHOO
2015-01-28,Down With the Dow! 5 Blue-Chip Stocks to Ditch INTC CSCO PG CAT DIS
2015-01-29,"GILD Stock Forum Updated Thursday, January 29, 2015 5:03:29 PM SSRI PG TSO USO"
2015-01-29,Procter &amp; Gamble Co. (PG) Closes 0.61% Up on the Day for January 29 PG
2015-01-29,"PG DD MSFT .DJI CAT:

Ex-Obama aide: Get used to 'very different world':"
2015-01-30,"Short basket of CAT, DE, KO and PG delivering whether market's up or down lately"
2015-01-31,DennyT: FCX Stock Chart FCX INTT DRN XOM PG Opinion
2015-02-02,Downgraded: WYN WPX RSPP EPE CLR APC XOM RY DECK PG CAM ZMH V HBAN VRTX
2015-02-03,"PG Charmin Relief Project Launches the ""Butts that Save Our Butts"" Campaign"
2015-02-04,WMT MRK PG: The Best Gift You Can Give Is Stock: WMT MRK PG: The Best Gift You Can Give Is Stock. ...
2015-02-04,"PG News: ""Higher Volumes Help Colgate-Palmolive Beat Currency Troubles In Q4…""  Board view:"
2015-02-04,Gain from movement in these buzzing assets USDCAD GSK PG SBUX MRK
2015-02-06,RT : Long Term Dividend Stocks To Buy Right Now! XOM PG WMT KMI APPL PM K
2015-02-08,"UNH Company Info Updated Saturday, February 7, 2015 7:59:25 PM PG F CUBE GOOG"
2015-02-09,"SLTD Stock Message Board Updated Monday, February 9, 2015 00:11:10 AM PG XIV XOM EOG"
2015-02-09,PG chart  via
2015-02-10,Procter &amp; Gamble Co. to open facility in Berkeley County PG
2015-02-11,"Procter &amp; Gamble to Make 500 million investment in Berkeley County, WV PG"
2015-02-11,Procter &amp; Gamble appoints Frank Blake to   PG
2015-02-12,What is driving consumer staples stock? WWAV UNFI TSN TAP SBUX PG UN
2015-02-15,Dividend Champions: 15 Increases Expected In The Next 11 Weeks  APD CB CL FUL GPC KO MHFI ORI PG PNY SHW
2015-02-16,PG min? : Ada yang Mau Menuntut Balas Dendam kepada Chelsea ---&gt;
2015-02-18,Procter  &amp; Gamble Co's neutral rating reiterated at BTIG Research.  PG
2015-02-18,Procter &amp; Gamble: 'The Most Significant Impact We Have Ever Incurred'  PG
2015-02-18,RT : Johnson &amp; Johnson: How To Profit From A 5.5% Drop In Sales And 0.42 Drop In EPS  PG JNJ
2015-02-24,PG Volume Alert - PG Stock 85.44 Procter &amp; Gamble Company PG Hit a high today of 85.51 Closing the day 10:30 at
2015-02-26,Dividend Investing   AXP GS MCO WMT USB WFC PG IBM KO XOM
2015-02-26,"RT : Notable  imbalances: BABA +140K, BAC +205K, PG +54K, PFE -244K, DAL +101K, GG +317K MCD -53K"
2015-02-27,"Procter &amp; Gamble Co CFO Jon R. Moeller Sells 2,656 Shares PG"
2015-02-27,PG - Statement of Changes in Beneficial Ownership (4)
2015-03-01,"RT : Procter &amp; Gamble Co: Despite Negativity, We'd Go All In - An Algorithmic Perspective  PG"
2015-03-01,"Stocks Trending Now:  

PBR SSO RGLD GDX RCHA SMVR EWT JCP TWTR PG OKE VXX ~"
2015-03-02,"A MUST read document, click  Thanks, . QCOM PG AAPL DDD"
2015-03-03,PG - Statement of Changes in Beneficial Ownership (4)
2015-03-03,PG - Statement of Changes in Beneficial Ownership (4)
2015-03-05,RT : There's A World Of Difference Between Johnson &amp; Johnson And Procter &amp; Gamble  JNJ PG
2015-03-05,Procter and Gamble PG Trading Near 85.63 Resistance Level (  )
2015-03-10,"XLP Open

Click Here: 

Also See: UNP NXPI PG VCSY ~"
2015-03-10,Check this  DOW PG ACIW
2015-03-11,How Will A Recession in Brazil Impact Colgate-Palmolive?  by Trefis Team CL PG UL
2015-03-13,PG - Bert's Dividend Income Summary - February
2015-03-14,RT : Watching  Instead Of  Prices JNJ AFL PG GOOGL
2015-03-14,"Stocks Trending Now:  

PBR PBR CSCO NRF HPQ SH ALK XLB PG BIIB STNG EYES ~"
2015-03-15,Hello from Peter PG VALE . Take a look at
2015-03-16,Procter &amp; Gamble - Short  PG
2015-03-17,"Hello, it is Emily. I just finished   FB RIO PG"
2015-03-18,PM WMT and PG will keep increasing dividends at 8% per year. Great stocks we like at
2015-03-18,"PG - Procter &amp; Gamble, Constellation and Community Celebrate One of Nation’s Largest Biomass Renewable"
2015-03-19,What do you think about      TWOU LYB PG
2015-03-20,"PG Recent News Updated Friday, March 20, 2015 01:59:25 AM XLF UCO XLF NBIX"
2015-03-24,PG - ADDING MULTIMEDIA Modern Family’s Jesse Tyler Ferguson Joins Swiffer® &amp; Febreze® in a Cleaning
2015-03-24,RT :  on longrundata: MO JNJ KO T O MCD AAPL VFINX SPY PG
2015-03-24,"Just released!  SogoTrade’s Morning Call on Today’s Spotlight Stocks AES PCG, EWA, IWM, AMZN, PG  ACH..."
2015-03-24,Hello from John PG  . Take a look at
2015-03-26,RT : FutureFuel down 8% after 'significant adverse impact' of P&amp;G pact termination FF PG: Full Story
2015-03-26,Weekly Dow  Trend MCD MRK PFE NKE VZ UNH TRV CVX DIS HD IBM UTX BA KO XOM AAPL PG JNJ  @
2015-03-28,"Dividend Achievers Top 20 Hits The Mark, Again  ABT AIG CVS CVX GE IBM JNJ KO MCD MMM NKE PEP PG QCOM"
2015-04-01,Look into  IBM DDD MON PG
2015-04-02,PG AXP SU COP DWTI XOM PTR PSX KO TWTR  20150402 08:00:04:838 … … … … …
2015-04-02,PG AXP SU COP DWTI XOM PTR PSX KO TWTR  20150402 08:00:04:838 … … … … … … … ……
2015-04-02,Is  Wrong About  Stocks? XOM COP KO AXP PG PTR SU PSX  … … … … ……
2015-04-02,Is  Wrong About  Stocks? XOM COP KO AXP PG PTR SU PSX  … … … … ……
2015-04-04,"PG Quotes

Click Here: 

Also See: V ZNGA OIL EBAY ~"
2015-04-05,"Largest Household and Personal Products Assets
1. PG
2. HRG
3. KMB
Full Chart:"
2015-04-10,PG received a new alert. Find out why at          292
2015-04-12,"Largest Household and Personal Products Revenue per Employee
1. CHD
2. CLX
3. PG
Full Chart:"
2015-04-14,P&amp;G CEO AG Lafley is preparing to retire a second time  via  PG
2015-04-15,Procter &amp; Gamble: It Is Time For Some New Blood  … BRK.A BRK.B HENKY UL PG
2015-04-16,Your tweet about PG had a sentiment of 5 and was featured on Market Parse.
2015-04-16,What do you think about      PG INTC WUBA DD
2015-04-17,RT : ALERT: Procter &amp; Gamble announces 3% dividend increase. • PG
2015-04-17,Dividend Champions: 14 Increases Expected By The End Of June  CVX DCI GWW JNJ MSA NC NFG PG RLI SRCE
2015-04-17,Personal care companies prep bids for P&amp;G beauty brands  PG HENKY REV COTY
2015-04-17,"My MCD 95 &amp; PG 82.5 puts are at the money or in the money all day, watch like a hawk, the money I try to gain is worst than work in MCD"
2015-04-17,"Bought back JNJ, added to PG"
2015-04-18,RT : Jeremy Grantham's top 10 stocks: ESRX PM RCL MSFT AAPL AMZN JNJ KO GOOGL PG
2015-04-19,"PG - SELL Signal at 82.53 on Apr 17, 15 By YaMasuta, FREE Algorithmic Trading Software"
2015-04-20,BA CAT IBM MCD MMM MSFT PG UTC VZ -Dow Earnings Parade
2015-04-21,"PG News: ""What Procter &amp;amp; Gamble Investors Will Want To Know In Q3 Earnings…""   Analyze:"
2015-04-21,RT : Navinder made Procter and Gamble drop 5% for a millisecond.  Glad that's fixed. PG
2015-04-21,RT : Could Amazon Do To Groceries What It Did To Books?  EBAY BABA ETSY GRPN PG KR WFM AMZN
2015-04-21,PG - Publicis Posts Sales Jump
2015-04-22,"PG:

Procter &amp; Gamble Co (PG) Set to Announce Earnings on Thursday:"
2015-04-24,PG - Tide and Gain Announce Partnership with Safe Kids Worldwide to Help Make Laundry Room Safety a Part of
2015-04-27,What   did Lanny purchase recently?   PG JNJ CL
2015-04-27,Analyst Downgrades and Price Target Decreases  AXP CLDN MRVL OII PG SSYS DDD TI TWTR
2015-04-28,"4/28/15 S&amp;P 500: +0.28%
GREEN: SPY DD XOM CVX VZ MA WFC JPM BAC IBM GE JNJ MCD
RED: V M PEP TXN PG PFE KO CMG DIS SHW"
2015-05-01,"PG:

ASF Group appoints Louis Chien as a director:"
2015-05-06,RT :  Top 20  With Highest  BRK-A SPY VZ GE GM NOV KO SNY PG UPS JNJ DE
2015-05-06,"WFC News: ""Why You Can't Invest Like Warren Buffett WFC KO IBM AXP XOM PG …""   Analyze:"
2015-05-11,PG.CA Crosses Above Key Moving Average Level PG.TO
2015-05-11,MU TZA Out PG of confusion comes  new SIRI patterns.
2015-05-13,"PG Pervasip Corp. Shares
Click Here -&gt; 

Trending PG CEE.TO KO X"
2015-05-16,"PG Procter &amp; Gamble Co. Shares
Click Here -&gt; 

Trending PG BRZU RUSL RSP"
2015-05-16,"PG Procter &amp; Gamble Co. P/E Ratio
Click Here -&gt; 

Trending PG BSX HIBB VRTX"
2015-05-16,12 High Quality   For  SO GIS KMB PG K KO MO MCD VZ SYY XOM T
2015-05-16,"PG Procter &amp; Gamble Co. Company Info
Click Here -&gt; 

Trending PG LOCO LEG.TO AXP"
2015-05-19,Traders Buy Procter &amp; Gamble Co on Weakness Following Insider Selling PG
2015-05-20,"stock_forums: DRNK NOHO, Inc. Shares
Click Here -&gt; 

Trending DRNK PBR GOOGL PG  …"
2015-05-21,"SRPT Last Price Updated Thursday, May 21, 2015 11:11:17 AM PG BP FNFV GLD"
2015-05-21,"PMCB PharmaCyte Biotech, Inc. Day Low
Click Here -&gt; 

Trending PMCB YFI.V PG PRAN"
2015-05-21,"BND Vanguard Total Bond Market Current Price
Click Here -&gt; 

Trending BND PG EA MDW"
2015-05-22,"KO PG News: ""Lessons Learned From The Grand Canyon CL JNJ KMB KO PG""   Analyze:"
2015-05-22,"HAL Halliburton Co. Exchange
Click Here -&gt; 

Trending HAL FXCM PG LYB"
2015-05-25,"PG Procter &amp; Gamble Co. Ex-Div Date


PG BRWC PHM.V LIF.TO"
2015-05-26,"STEV Constellation Brands, Inc. Shares


STEV GDX PG PCLN"
2015-05-26,"PANW Palo Alto Networks Inc. Day High


PANW NKE PG WFC"
2015-05-26,"PG Procter &amp; Gamble Co. Last Trade


PG VZ USO YOKU"
2015-05-27,PG chatter out there that Trian takes a stake
2015-05-27,"PG T TRV UNH UTX VZ V WMT XOM Long and short positions from the DJIA, up to 1800% since 2008.  DIA"
2015-05-27,""" 6719 PG 5/29 79.5 C""  finally a bottom? Chart looks horrid"
2015-05-28,"ACHN Achillion Pharmaceuticals Inc. Bid


ACHN PG.TO TMV NFLX"
2015-05-28,PG
2015-05-28,"PG T TRV UNH UTX VZ V WMT XOM Long and short positions from the DJIA, up to 1800% since 2008.  DIA"
2015-05-28,"SH ProShares Short S&amp;P 500 Fund Summary


SH PG XLE EW"
2015-05-29,"CAF Morgan Stanley A Share Fund Ask


CAF RPV BLTA PG"
2015-05-30,Our Pick On VGTL Closed Up Powerfully Today! Special Update:  IRDM PG KNDI
2015-05-31,"PG Procter &amp; Gamble Co. Stock Forum


PG AER NBIX WMIH"
2015-05-31,"RT XLY Consumer Discretionary Select Sector SPDR Exchange


XLY TEVA GOOGL PG  …"
2015-05-31,"VEEV Veeva. 27.12   

  BPMC OPXA CVX PG    BAK NOAH FXI OPXA"
2015-06-01,PG Jun 79.50 Call Buy 4k for .59
2015-06-01,Tons of CALLS in JUN PG traded just now.
2015-06-02,"PG Procter &amp; Gamble Co. Prev Close


PG WFC JNK GE"
2015-06-02,Our Pick On PPCH Gained As Much As 400% For Subscribers So Far! Huge News:  IRDM PG KNDI
2015-06-08,Pre-Market Stocks Roundup:  GM PG QUNR AMKR
2015-06-08,"NNVC NanoViricides, Inc. Volume


NNVC MYEC PG WFC"
2015-06-08,"PG Procter &amp; Gamble Co. Stock Forum


PG FNMA TVIX GPRO"
2015-06-08,"PG digital report for Jun 8th, 2015 PG"
2015-06-08,"HYG iShares iBoxx High Yield Corporate Bond Fund Ask Size


HYG PG XLK PAA.TO"
2015-06-09,Mentioned last night today how with this market there is gotta be a interest in staples check them out PG wow!
2015-06-10,Dow 30 best performers today. PG INTC CAT AXP GE MMM KO CVX JPM CSCO TRV V UTX PFE JNJ UNH IBM
2015-06-10,These Dividend Dividend Champs Are Close To 52-Week Lows -  - DCI CVX XOM TNC PG BEN KO STR MGEE
2015-06-10,"ISLE Isle of Capri Casinos, Inc. Chart


ISLE PG SPXL WMIH    iShares Dow Jones U.S.…"
2015-06-10,"PG Procter &amp; Gamble Co. Day Low


PG RMRK MDCN CRUS"
2015-06-10,"V Visa Inc. Tick


V AMBA MJMJ PG"
2015-06-11,"PG Procter &amp; Gamble Co. Message Board Posts


PG _SPY MMM V"
2015-06-11,"SYK Stryker Corp. Chart


SYK PG QTMM XLP"
2015-06-11,"PG:

Penny Stock Buzz - Procter &amp; Gamble (PG), Pfizer (PFE), Verizon ...:"
2015-06-12,"PG 8K filed by:  Procter &amp; Gamble Co , re: Amendments to Articles of Incorporation,Bylaws"
2015-06-12,"IWM Russell 2000 iShares 52Wk High


IWM PG KR GT"
2015-06-12,"RT : BPY/UN.TO Brookfield Property Partners LP Investor Opinions


BPY/UN.TO SLTD PG F /UN.TO …"
2015-06-14,PG Report Card -&gt;
2015-06-15,"PG Procter &amp; Gamble Co. Message Board Posts


PG FV TCK/B.TO XLP"
2015-06-16,"Popular: HRTX, UGAZ, COTY, PG, FDS, LEG, NOK, OSK, JAKK, GBX, CAVM, GE, SYNA, RTN"
2015-06-16,"JDST Direxion Daily Junior Gold Miners Index Bear 3X Shares 52Wk Low


JDST GREK PG AAPL  …"
2015-06-16,"nicohof1: am_alerts: PG active, relative volume: 4.91, 1H, 10:00 AM,  DJI SPY"
2015-06-16,"OIL iPath S&amp;P GSCI Crude Oil Total Return Index ETN Yield


OIL MNKD PG KEM"
2015-06-17,"PG Procter &amp; Gamble Co. Tick


PG MAG.TO CDE CVC"
2015-06-17,"IYR Real Estate iShares Day High


IYR MFA HACK PG"
2015-06-17,"INTC Intel Corp. Stock Message Board


INTC PG SUNE RDSH    …"
2015-06-17,PG COTY: Coty-P&amp;G Deal A 'Homerun' If It Happens: Here's Why
2015-06-20,Scanning The SA Family For Alpha: Daskapital1000  AMZN FB GOOG JNJ KO NFLX PG T TSLA XOM
2015-06-20,"VWO Vanguard Emerging Markets VIPERs Message Board Posts


VWO PG CPRX UPS"
2015-06-21,"EWT Taiwan iShares Chart


EWT DBC PG SRNA"
2015-06-24,"AVGO Avago Technologies Ltd. Day Low


AVGO SPXS SVXY PG"
2015-06-25,RT : You get a fantastic high margin recession proof biz in PG  at dividend yield higher than 10 and 30 year …
2015-06-25,"JBLU  Inc. Stock Forum


JBLU PG ENZN CMG"
2015-06-25,"PG Procter &amp; Gamble Co. Last Price


PG FNV FXC CTIX"
2015-06-26,"Our Stock Pick On PPCH Is Up 415% For Our Subscribers, Since Our Original Release At .02! Huge News:  GNVC AMAG PG"
2015-06-27,RT : You've probably heard of the  Aristocrats. How about the Dividend Kings?  KO  JNJ  PG
2015-06-27,"ONE Higher One Holdings Inc. Day Low


ONE WFC STZ PG    Opko Health Inc. Investor…"
2015-06-27,"ONE Higher One Holdings Inc. Day Low


ONE WFC STZ PG    Opko Health Inc. Investor…"
2015-06-27,"PG Procter &amp; Gamble Co. Day Low


PG IBB A MDY"
2015-06-28,SUTI Has Now Seen 400% Gains In The Past 2 Weeks! Special Update:  IRDM PG KNDI
2015-06-28,"Hello from Peter BHP CSCO PG  . Take a look at 
…"
2015-06-28,"CYBR Cyber-Ark Software Ltd. EOD Data


CYBR PG XLF HPQ"
2015-06-28,"EFN.TO Element Financial Corp. Bid Size


EFN.TO FXH PG ADMD .TO"
2015-06-29,SUTI Has Now Seen 400% Gains In The Past 2 Weeks! Special Update:  IRDM PG KNDI
2015-06-29,"With rising market volatility, shares of PG are starting to look appealing; period of seasonal strength starts today"
2015-06-29,SUTI Has Now Seen 400% Gains In The Past 2 Weeks! Special Update:  IRDM PG KNDI
2015-06-30,"CELG Celgene Corp. 52Wk Low


CELG KBE PG TQQQ"
2015-07-01,"AGEN American Capital Agency Corp. Last Trade


AGEN XLF PG HACK"
2015-07-02,What do you think about    VALE PG INTC QCOM�
2015-07-02,: SOXL Direxion Daily Semiconductor Bull 3x Shares Last Price  SOXL PG ABT IWM
2015-07-03,"GILD Gilead Sciences, Inc. EOD Data


GILD OIL AMD PG"
2015-07-03,"PG Procter &amp; Gamble Co. Market Cap


PG FXB C GOOGL"
2015-07-04,"CHL China Mobile Ltd. Market Cap


CHL BBY CNR.TO PG    CIGNA Corp. 52Wk High…"
2015-07-04,"BRWC Boreal Water Collection Inc. Chart


BRWC NUGT EDC PG"
2015-07-04,"GDX Market Vectors Gold Miners Tick


GDX PG UGAZ NG"
2015-07-04,"NBG National Bank Of Greece Volume


NBG YY PG ELTP"
2015-07-05,"GRCU Green Cures &amp; Botanical Distribution Inc. Message Board Posts


GRCU PG FXI TAN"
2015-07-06,"PG:

Large Outflow of Money Witnessed in Procter &amp; Gamble Company ...:"
2015-07-07,"HACK PureFunds ISE Cyber Security ETF Bid Size


HACK PG ERX ESPR"
2015-07-07,"QLD ProShares Ultra QQQ Fund Bid


QLD PG QLD GDXJ"
2015-07-09,"GE Opinions Updated Thursday, July 9, 2015 06:59:24 AM S PG GS UPRO"
2015-07-09,Check this TSM PG RIO
2015-07-09,Procter &amp; Gamble Agrees to Sell Beauty Businesses--4th Update PG
2015-07-09,P&amp;G Accepts Coty’s Offer of 12.5 Billion to Merge 43 P&amp;G Beauty Brands with Coty | Business Wire   PG COTY
2015-07-09,"ChartSmarter Thursday Game Plan:  ""a time for offense and a time for defense"" PG"
2015-07-09,Weekly S&amp;P100  Performance SO MO LLY EXC COST SPG RTN WMT PG PEP LMT EBAY KO BA TGT  more@
2015-07-10,"PG - Head &amp; Shoulders® Partners with John Brenkus, Host of ESPN’s “Sport Science” for 2015 MLB All-Star"
2015-07-10,"PG:

Earnings of 0.94 Expected for Procter &amp; Gamble Co (NYSE:PG)'s Q3:"
2015-07-10,I like PG in here for long term. Co. selling off low margin assets. As a result earnings should accelerate for years 2 come
2015-07-11,"Jim5011 : PG Procter &amp; Gamble Co. Summary


PG VLTC OZRK XLV #…"
2015-07-11,Our Alert On GEQU Gained 350% In 1.5 Weeks! Get Exclusive Early Acces To Our New Picks:  IRDM PG KNDI
2015-07-11,"AA Alcoa, Inc. Stock Message Board


AA GDX PG.TO OIL    American Airlines Group Inc.…"
2015-07-11,"FCX Freeport-McMoRan, Inc. Market Cap


FCX DAG DML.TO PG    Franklin Electric Co.,…"
2015-07-12,"RSX Market Vectors Russia ETF Trust Ask


RSX FCX PG AFMD    Retrophin, Inc. Last…"
2015-07-12,"RSX Market Vectors Russia ETF Trust Ask


RSX FCX PG AFMD    Retrophin, Inc. Last…"
2015-07-12,"RGBP Regen BioPharma Inc. Summary


RGBP TZA PG HYG    Guggenheim S&amp;P 500 Pure Value…"
2015-07-13,PG Questions raised on Procter &amp; Gamble's strategy
2015-07-15,"MRU.TO Metro, Inc. 52Wk High


MRU.TO GWO.TO TQQQ PG .TO"
2015-07-15,"ANF Abercrombie &amp; Fitch Co. Change


ANF VXX PG IDI"
2015-07-15,"CCB.V Canada Carbon Inc. News


CCB.V T PG HON .V"
2015-07-15,"TWTR Twitter Inc  

MTLS XLY BABA CBYL   MCK ANY CAF AGQ  PG AMGN PRKR BNS.TO"
2015-07-15,"PG:

Marketers Wonder: How Will It Play in Portland?:"
2015-07-15,PG has a nice base here too.
2015-07-16,"TWTR United States Natural Gas Fund News


TWTR PG FNMA SWKS"
2015-07-20,"UNG United States Natural Gas Fund Company Info


UNG HON NFLX PG"
2015-07-20,"WMT Wal-Mart Stores, Inc. Stock Message Board


WMT UNH IYT PG"
2015-07-20,"RT :  JNJ DIS PEP AIG PG FB

PUGE READY TO GO KABOOM!

JOIN: PENNYSTOCKROYALTY.COM

h…"
2015-07-23,5 Attractive Long-Term Dividend Growth Stocks -  - CVX PG JNJ GPC EMR
2015-07-23,"QCOM QUALCOMM Inc. Ask Size


QCOM HAWK PG RUSS"
2015-07-25,"RT : PG Procter &amp; Gamble Co. Financials


PG NXPI VGHCX PHM.V"
2015-07-25,"stock_forums : PG Procter &amp; Gamble Co. Yield


PG UGAZ SLTD AB…"
2015-07-25,"GE General Electric Co. Day High


GE BIIB PG ILMN"
2015-07-25,"FIX Federal National Mortgage Ideas


FIX FV PG GOOGL"
2015-07-25,"PG ProShares Ultra QQQ Fund Volume


PG DRN CIVI HZNP"
2015-07-29,"SSO ProShares Ultra S&amp;P 500 Fund Change


SSO CPG.TO JNUG PG"
2015-07-30,PG getting hit after that ER. Organic growth is ugly. I'm still long as a dividend play. I'll probably add on further weakness. Not yet.
2015-07-30,RT : Wow CEO of PG just asked an analyst for advice on what to do -- he suggested breaking up company
2015-07-30,"RT : Procter &amp; Gamble Reports Q2 EPS 1.00 vs. Est. 0.95, Rev. 17.8B vs. Est. 17.98B PG"
2015-07-30,RT : We’re focused on 10 categories and 65 brands that best leverage our strengths.  PG
2015-07-30,"PG Procter &amp; Gamble Co. Prev Close


PG XLU TSLA BAC    PharmaCyte Biotech, Inc.…"
2015-07-30,"PG Procter &amp; Gamble Co. Prev Close


PG XLU TSLA BAC    PharmaCyte Biotech, Inc.…"
2015-07-30,"PG Procter &amp; Gamble Co. Prev Close


PG XLU TSLA BAC    PharmaCyte Biotech, Inc.…"
2015-07-31,Check out this sweet trade setup on Proctor &amp; Gamble(PG).
2015-07-31,"PG Procter &amp; Gamble Co. Tick


PG ANDHRABANK.IN FEYE FV"
2015-08-01,"PG Procter &amp; Gamble Co. Volume


PG AVXL SMN BIDU"
2015-08-02,"AAL American Airlines Group Inc. Last Price


AAL KO FXI PG    Advance Auto Parts Inc.…"
2015-08-02,RT : . making great progress with share of 7-9%.   PG
2015-08-03,RT : . toothpaste now in over 40 countries.  PG
2015-08-03,"GDX Market Vectors Gold Miners Open


GDX TVSMOTOR.IN ONCS PG"
2015-08-03,"A Agilent Technologies, Inc. Bid Size


A GPRO BRK/B PG    Apple, Inc. Ideas…"
2015-08-03,PG.US P&amp;G Aims to Boost Venezuelan Product Supply by 20%: El Universal
2015-08-04,"NVAX Novavax, Inc. Chart


NVAX SWKS NAT PG"
2015-08-06,"HYG Opinions Updated Wednesday, August 5, 2015 7:10:54 PM SPXL UNH TNA PG"
2015-08-06,"GS Reviews Updated Thursday, August 6, 2015 1:07:09 PM NOC DXJ TAN PG"
2015-08-06,"V Vanguard Total Stock Market ETF Volume


V PAAS PG FIT"
2015-08-06,"stock_forums: QLD Regeneron Pharmaceuticals, Inc. Summary


QLD SDS PG DRV  …"
2015-08-07,"EEM iShares MSCI Emerging Markets Change


EEM PG KITE VXX    Direxion Daily Energy Bull…"
2015-08-07,1 Hr Chart USDCAD CAD GOOG AAPL FB F TSLA TWTR MU CONN AMZN BAX WFM PG SPY DIS CHK
2015-08-07,"XLB Materials Select Sector SPDR Ex-Div Date


XLB PG FB GPRO"
2015-08-07,"options_answers: RT DennyT14: XLB Materials Select Sector SPDR Ex-Div Date


XLB PG FB …"
2015-08-10,SPDR S&amp;P 500 ETF Trust SPY 60 Min 210 GOOG AMZN XOM BAX LNKD EXPE BRCM AAPL BAX CAT USO ETSY TWTR PG
2015-08-10,RT : 20 Dividend Growth Stocks    JNJ WMT CSCO IBM PG RY CMI QCOM ADM AFL
2015-08-12,"PG T TRV UNH UTX VZ V WMT XOM Long and short positions from the DJIA, up to 1800% since 2008.  DIA"
2015-08-14,"EGRX Eagle Pharmaceuticals, Inc. Day High


EGRX PG PANW DHI    EarthLink, Inc.…"
2015-08-14,"RYL Ryland Group, Inc. P/E Ratio


RYL PG CEMP TBT"
2015-08-17,"PG Form 4: On Aug. 13, 2015, Valarie Sheppard, SVP, Comptroller &amp; Treasurer, disposed of 5,360 shares at weighted average price of 75.8358"
2015-08-20,"SBUX News: ""The Disturbing Truth About The S&amp;amp;P 500 DE IBM NKE PG SBUX …""   Analyze:"
2015-08-20,RT : Bloodbath: major index component heat map into the close. AAPL GOOG VIX SPY MSFT JNJ MMM PG TSLA MNKD VZ ht…
2015-08-22,"Retirement Strategy: When There Is Blood In The Streets, Will You Become A Vampire?  AMZN NFLX TSLA JNJ PG"
2015-08-24,Dividend Investing    AXP GS MCO WMT USB WFC PG IBM KO XOM
2015-08-24,"IACI PG:

Daily Watch List: IAC/InterActiveCorp (NASDAQ:IACI), Symantec …:"
2015-08-26,PG:US Market Turbulence May Create An Entry Point Into Procter &amp; Gamble's Stock  &amp; GAMBLE CO
2015-08-26,"VTI Vanguard Total Stock Market ETF Last Price


VTI PG XLP ABX"
2015-08-26,"PG Patient Home Monitoring Corp. Exchange


PG SWKS SCO AMGN"
2015-08-26,"T AT&amp;T, Inc. Day Low


T PG NUGT CMG"
2015-08-27,"Is Your SWAN REIT Really A SWAN REIT?  AMC EPR ESS LXP MAA NAV O PG RGC SNR SPG VNQ

— Seeking Alpha (S…"
2015-08-27,PG - Statement of Changes in Beneficial Ownership (4)
2015-08-27,"SLTD Solar3D, Inc. News


SLTD PG DIA XRT"
2015-08-27,"CVOL Reviews Updated Thursday, August 27, 2015 06:59:22 AM JNJ SKX XLU PG"
2015-08-27,"ABMD ABIOMED, Inc. Last Price


ABMD PG ADXS SKX"
2015-08-27,"PG active, relative volume: 7.57, 1H, 1:00 AM,  SPY DJI"
2015-08-27,"MMM 3M Co. Current Price


MMM PG UAL PEIX"
2015-08-30,"TBEV High Performance Beverage Co. Bid


TBEV BSAC GOOGL PG"
2015-08-30,"CURE Direxion Daily Healthcare Bull 3x Shares EOD Data


CURE EWZ PG SH"
2015-08-30,"GS Goldman Sachs Group, Inc. E.P.S.


GS PG INTC QIWI"
2015-08-30,"PG Procter &amp; Gamble Co. Ask Size


PG SIRGQ RIG IWV"
2015-08-30,"THCZ Totally Hemp Crazy Inc. Day High


THCZ CURE BEAT PG"
2015-08-30,"STRM Streamline Health Solutions Inc. % Change


STRM UTIW PG TBBK    SunEdison, Inc.…"
2015-08-31,Volume Alert - PG 70.75 Procter &amp; Gamble Company PG Hit a high today of 71.00 Closing the day 10:30 at 70.75
2015-08-31,"PEK Market Vectors China ETF Market Cap


PEK AMZN DUST PG"
2015-09-01,Fed Rate Hike Is Already Priced In - Cramer's Mad Money (8/31/15)  PG WMT ANF WFM YHOO AA ECA FOSL CLF
2015-09-04,JUST IN: PG releases results for Q3 FY’15 …
2015-09-08,ANFI announces expansion to U.S. 100%+ upside potential P/E of 3 PG UAL MDLZ CL YELP ACE investors read
2015-09-08,"Algo trading CLOSING signals: Sep/08
 UTHR(1.3 %) DE(-0.8 %) CHKP(0.1 %) MAC(-1.9 %) MJN(-0.3 %) PG(0.3 %) AMT(-0.7 %) EQR(0.5 %)"
2015-09-08,"Early movers: YUM, AET, STZ, DIS, PG, MSFT &amp; more"
2015-09-09,"IBM International Business Machines Chart


IBM SWKS TXN PG"
2015-09-09,"BKLN PowerShares Senior Loan Portfolio Quotes


BKLN FCX CHK PG"
2015-09-09,"BIDU Baidu, Inc. 52Wk Low


BIDU BABA DHI PG"
2015-09-10,PG - Statement of Changes in Beneficial Ownership (4)
2015-09-10,"people just buy what they had before, it's a big cash cow that should do fine for the next 5yrs+ like PG or GIS now"
2015-09-10,Stocks from the SMB Scanner: SPY CNW EWZ AAPL LULU GSK USO PG
2015-09-11,"TSLA Tesla Motors Inc. Bid


TSLA PG UCO MBLY"
2015-09-12,"PFE Pfizer, Inc. Prev Close


PFE NGD.TO CRGP PG"
2015-09-15,'JBEM' pick RXII upcoming catalyst:Read here:  KONE ENVI LRE ELSE KOF TAP DUK PG
2015-09-19,"FEZ Finish Line, Inc. Bid Size


FEZ PG CEW XIV"
2015-09-19,RT :   Set alerts on NGCG top     /   via  BABA PG …
2015-09-19,RT :   Set alerts on NGCG top     /   via  BABA PG …
2015-09-19,RT :   Set alerts on NGCG top     /   via  BABA PG …
2015-09-19,RT :   Set alerts on NGCG top     /   via  BABA PG …
2015-09-19,RT :   Set alerts on NGCG top     /   via  BABA PG …
2015-09-19,RT :   Set alerts on NGCG top     /   via  BABA PG …
2015-09-19,RT :   Set alerts on NGCG top     /   via  BABA PG …
2015-09-19,RT :   Set alerts on NGCG top     /   via  BABA PG …
2015-09-19,RT :   Set alerts on NGCG top     /   via  BABA PG …
2015-09-19,RT :   Set alerts on NGCG top     /   via  BABA PG …
2015-09-19,RT :   Set alerts on NGCG top     /   via  BABA PG …
2015-09-19,RT :   Set alerts on NGCG top     /   via  BABA PG …
2015-09-19,RT :   Set alerts on NGCG top     /   via  BABA PG …
2015-09-20,RT :   Set alerts on NGCG top     /   via  BABA PG …
2015-09-20,RT :   Set alerts on NGCG top     /   via  BABA PG …
2015-09-20,RT :   Set alerts on NGCG top     /   via  BABA PG …
2015-09-20,RT :   Set alerts on NGCG top     /   via  BABA PG …
2015-09-20,RT :   Set alerts on NGCG top     /   via  BABA PG …
2015-09-20,RT :   Set alerts on NGCG top     /   via  BABA PG …
2015-09-20,RT :   Set alerts on NGCG top     /   via  BABA PG …
2015-09-20,RT :   Set alerts on NGCG top     /   via  BABA PG …
2015-09-20,RT :   Set alerts on NGCG top     /   via  BABA PG …
2015-09-20,RT :   Set alerts on NGCG top     /   via  BABA PG …
2015-09-20,RT :   Set alerts on NGCG top     /   via  BABA PG …
2015-09-20,RT :   Set alerts on NGCG top     /   via  BABA PG …
2015-09-20,RT :   Set alerts on NGCG top     /   via  BABA PG …
2015-09-20,RT :   Set alerts on NGCG top     /   via  BABA PG …
2015-09-20,RT :   Set alerts on NGCG top     /   via  BABA PG …
2015-09-20,RT :   Set alerts on NGCG top     /   via  BABA PG …
2015-09-20,RT :   Set alerts on NGCG top     /   via  BABA PG …
2015-09-20,RT :   Set alerts on NGCG top     /   via  BABA PG …
2015-09-20,RT :   Set alerts on NGCG top     /   via  BABA PG …
2015-09-20,RT :   Set alerts on NGCG top     /   via  BABA PG …
2015-09-20,RT :   Set alerts on NGCG top     /   via  BABA PG …
2015-09-20,RT :   Set alerts on NGCG top     /   via  BABA PG …
2015-09-20,RT :   Set alerts on NGCG top     /   via  BABA PG …
2015-09-20,RT :   Set alerts on NGCG top     /   via  BABA PG …
2015-09-20,RT :   Set alerts on NGCG top     /   via  BABA PG …
2015-09-20,RT :   Set alerts on NGCG top     /   via  BABA PG …
2015-09-20,RT :   Set alerts on NGCG top     /   via  BABA PG …
2015-09-20,RT :   Set alerts on NGCG top     /   via  BABA PG …
2015-09-20,RT :   Set alerts on NGCG top     /   via  BABA PG …
2015-09-21,RT :   Set alerts on NGCG top     /   via  BABA PG …
2015-09-21,RT :   Set alerts on NGCG top     /   via  BABA PG …
2015-09-21,PG - P&amp;Gが温暖化ガス排出量の新たな30%削減目標を発表
2015-09-21,RT :   Set alerts on NGCG top     /   via  BABA PG …
2015-09-21,RT :   Set alerts on NGCG top     /   via  BABA PG …
2015-09-21,RT :   Set alerts on NGCG top     /   via  BABA PG …
2015-09-21,RT :   Set alerts on NGCG top     /   via  BABA PG …
2015-09-21,RT :   Set alerts on NGCG top     /   via  BABA PG …
2015-09-21,RT :   Set alerts on NGCG top     /   via  BABA PG …
2015-09-21,RT :   Set alerts on NGCG top     /   via  BABA PG …
2015-09-21,RT :   Set alerts on NGCG top     /   via  BABA PG …
2015-09-21,RT :   Set alerts on NGCG top     /   via  BABA PG …
2015-09-21,RT :   Set alerts on NGCG top     /   via  BABA PG …
2015-09-21,RT :   Set alerts on NGCG top     /   via  BABA PG …
2015-09-21,RT :   Set alerts on NGCG top     /   via  BABA PG …
2015-09-21,RT :   Set alerts on NGCG top     /   via  BABA PG …
2015-09-21,RT :   Set alerts on NGCG top     /   via  BABA PG …
2015-09-21,RT :   Set alerts on NGCG top     /   via  BABA PG …
2015-09-23,"FXB Currency Shares British Pound Sterling Trust Last Trade


FXB C SEDG PG"
2015-09-23,Dividend Investing    AXP GS MCO WMT USB WFC PG IBM KO XOM
2015-09-23,"F Stock Price Updated Wednesday, September 23, 2015 06:11:05 AM SLB PG VXX ECIG"
2015-09-23,"PG is rated BUY, 18.3% upside by Wall Street analysts based on average ratings/targets"
2015-09-23,UNIS - Getting the bum's rush   AMGN BDX BIIB BIOD COV DSKX GOOG BMY JNJ PG IMNP MRK RTRX RVP SNY PFE
2015-09-24,"JNUG Direxion Daily Junior Gold Miners Index Bull 3X Shares Shares


JNUG FIT PG TMB.TO"
2015-09-24,"stockaced: stockaced: stockaced: Emylers: XLU Utilities Select Sector SPDR Financials


XLU IMGN PG CVC  …"
2015-09-25,"PG:

New SEC Filing for PG: Form 11-K (No. 0000080424-15-000080):"
2015-09-25,"PG Procter &amp; Gamble Co. News


PG QID XLY XME"
2015-09-25,"PG Procter &amp; Gamble Co. Change


PG VT TTPH NEM"
2015-09-25,"TSLA Tesla Motors Inc. Short Sales


TSLA UGAZ PG CANF    VelocityShares Daily 2x…"
2015-09-25,"KMI News: ""How Much High-Yield Is Too Much High-Yield? (Redux) KMI PG PSEC""   Analyze:"
2015-09-26,PG - Febreze® School of  is Officially in Session for Pet Owners!
2015-09-26,"BX Citigroup, Inc. Bid


BX PG BX KRE"
2015-09-26,"ALS.TO Altius Minerals Corp. Filings


ALS.TO TXT PCLN PG.TO .TO"
2015-09-26,"EEM iShares MSCI Emerging Markets Dividend


EEM PG DDD BLUE"
2015-09-26,"JPM Kinder Morgan Inc. Day High


JPM NSIT IBB PG.TO"
2015-09-27,"PG Procter &amp; Gamble Co. 52Wk Low


PG HFC JTP ASHR"
2015-09-27,"ITOT iShares Core S&amp;P Total US Stock Market ETF % Change


ITOT SHW CAFD PG"
2015-09-27,"PG Procter &amp; Gamble Co. Chart


PG VG XLE ARDX"
2015-09-27,"PG Procter &amp; Gamble Co. 52Wk High


PG CAMP CQE.TO MOS"
2015-09-28,Volume Alert - PG 72.36 Procter &amp; Gamble Company PG Hit a high today of 72.67 Closing the day 10:30 at 72.36
2015-09-28,"FNV Franco-Nevada Corp. Change


FNV PG GG IBM"
2015-09-28,"GM General Motors Co. % Change


GM BAC PG SH"
2015-09-29,"UA Under Armour, Inc. News


UA PG GBSN SPXL"
2015-09-29,"AG First Majestic Silver Corp. Financials


AG XLP PG EWG"
2015-09-29,"EA Electronic Arts, Inc. EOD Data


EA PG BIB GDX"
2015-09-29,"PG Procter &amp; Gamble Co. Company Info


PG COP PAAS FCX"
2015-09-29,"AEM Agnico Eagle Mines Ltd. % Change


AEM PG DD QLD"
2015-09-29,"HZNP Horizon Pharma plc Summary


HZNP XLI DIA PG    IAMGOLD Corp. % Change…"
2015-09-29,"RT  GE PG:

GE spins up a new 1 billion business to promote energy efficiency:"
2015-10-02,"PG Procter &amp; Gamble Co. Tick


PG ITEK AGN AMRN"
2015-10-02,"FCX Freeport-McMoRan, Inc. Volume


FCX AMGN RWM PG"
2015-10-02,"PG:

Vetr Inc. Downgrades Procter &amp; Gamble Co to Hold (PG):"
2015-10-03,"CAT News Updated Saturday, October 3, 2015 09:10:54 AM EEM SPXS PG XOMA"
2015-10-07,"F Ford Motor Co. % Change


F WMT XLK PG"
2015-10-07,"PG Procter &amp; Gamble Co. Change


PG IWM JCP JNK"
2015-10-08,PG  Pot. intermed bot in Downtrend LONGERTERM Wly-Dly-Hly combo chart
2015-10-08,"ARIA Stock Message Board Updated Thursday, October 8, 2015 01:07:14 AM QID PG NUGT IBB"
2015-10-09,RT : Is Your &amp;;Safe&amp;; Income Stream Really All That Safe?  DNKN HON JNJ MAA MCD PG SE T
2015-10-09,"QID ProShares Ultra Short QQQ Bid Size


QID PG CUBE NFLX"
2015-10-12,Are Paranoid Income Investors Better Income Investors?  BRK.B COST IBM KO O PG
2015-10-13,RT : Procter &amp; Gamble declares 0.6629 dividend  PG
2015-10-13,Procter &amp; Gamble Reiterated Rating by Canaccord Genuity (Ranked 60th) to Hold PG
2015-10-14,"VLTC Market Vectors Vietnam ETF 52Wk High


VLTC ECIG XLE PG"
2015-10-15,"JDST Direxion Daily Junior Gold Miners Index Bear 3X Shares Shares


JDST PG RDUS XLK  …"
2015-10-16,"PG Procter &amp; Gamble Co. Short Sales


PG ULTA EQLB MRO"
2015-10-19,Dividend Investing   AXP GS MCO WMT USB WFC PG IBM KO XOM
2015-10-19,"PG:

Three Best Stock’s Buzzers: Procter &amp; Gamble (NYSE:PG), Coach …:"
2015-10-19,"TAN Guggenheim Solar ETF Volume


TAN DNO ACI PG"
2015-10-19,"DY Dycom Industries, Inc. Summary


DY ATVI PG VZ"
2015-10-20,"I beat 98% of people trading PG, ranking . Wicked hella good! The Trading Game:"
2015-10-20,Procter &amp; Gamble And America's Shrinking Middle Class  PG
2015-10-20,"I beat 87% of people trading PG, ranking . I should do this for real! The Trading Game:"
2015-10-20,RT :   PFE PG TRV UTX UNH VZ WMT   djia brent spx SYG.
2015-10-21,"PG Company Info Updated Wednesday, October 21, 2015 1:07:07 PM NVAX JNJ RGLD HA"
2015-10-21,"I beat 96% of people trading PG, ranking . Wicked hella good! The Trading Game:"
2015-10-21,"RSP Stock Message Board Updated Wednesday, October 21, 2015 1:11:01 PM BTU PG TSO EWY"
2015-10-22,2   Reports To Watch On Friday: Procter &amp; Gamble And VF Corp PG VFC   via
2015-10-22,"PG:

Buy on weakness or get out now? – Procter &amp; Gamble Co (NYSE:PG …:"
2015-10-22,Procter  &amp; Gamble Co to release Q116 earnings on Friday. Analysts expect 0.96 EPS.  PG
2015-10-22,RT : most anticipated  AMZN GOOGL AAL MSFT SKX T PG P JNPR FTNT COF RCL VFC
2015-10-23,&amp;  are leading the S&amp;P 500 lambs to slaughter SPY MSFT  ES SPXS PG FB
2015-10-23,&amp;  are leading the S&amp;P 500 lambs to slaughter SPY MSFT  ES SPX PG FB
2015-10-23,leading the S&amp;P 500 lambs to slaughter during global recession SPY SPXL  ES SPX AAPL PG
2015-10-23,PG - Procter &amp; Gamble Sales Dip
2015-10-23,"P&amp;G Reports Q1 Core EPS 0.98 vs 0.95 Est., Sales 16.5B vs 17.2B Est PG"
2015-10-23,"Procter &amp; Gamble beats by 0.03, misses on revenue   PG"
2015-10-23,RT : EARNINGS ALERT: Procter &amp; Gamble Q1 EPS 0.98 Adj. vs. 0.95 Est.; Q1 Revs. 16.527B vs. 17.171B Est. • PG QUOTE:
2015-10-23,"INMG Innovativ Media Group, Inc. Quotes


INMG HABT PG ZIV"
2015-10-23,RT : PG reports strong operating cash flow of 3.5 billion in Q1
2015-10-23,"Preapertura en Estados Unidos 23/10/2015 vía 

EURUSD SPY PG MSFT SPP WHR GOOG NASDAQ DJIA"
2015-10-23,"I beat 93% of people trading PG, ranking . Wicked hella good! The Trading Game:"
2015-10-23,RT : PG  decreased 12% y/y primarily due to significant  impacts
2015-10-23,"JBLU JetBlue Airways Corp. Filings


JBLU LGIH RSX PG"
2015-10-24,"AKAM Akamai Technologies, Inc. 52Wk Low


AKAM PG PIN UNG    Alaska Air Group, Inc.…"
2015-10-24,"AKAM Akamai Technologies, Inc. 52Wk Low


AKAM PG PIN UNG    Alaska Air Group, Inc.…"
2015-10-24,"EXPE Expedia, Inc Company Info


EXPE EXEL EXEL PG"
2015-10-24,"RT  SSNC SS &amp; C Technologies Holdings Inc. Summary


SSNC PG TGT TXN   …"
2015-10-24,"""I beat 96% of people trading PG, ranking ."" Bueno. The Trading Game:"
2015-10-25,"FB Facebook, Inc. Volume


FB DAL PG FCX"
2015-10-26,have led the S&amp;P 500 lambs to slaughter. =( SPY MSFT  ES SPX FB  APPL BA AMZN PG
2015-10-26,PG:US Procter &amp; Gamble: Investors Are Missing The Warning Signs  &amp; GAMBLE CO
2015-10-26,Procter &amp; Gamble Earnings Demonstrate Company's International Pressures (Video)  PG
2015-10-27,RT : PG has freed up 2.3B from pushing out payment terms since 2013   via   w/
2015-10-27,PG - Free Writing Prospectus - Filing Under Securities Act Rules 163/433 (fwp)
2015-10-27,"AAPL Apple, Inc. Filings


AAPL IWM DIA PG"
2015-10-27,RBC Capital Boosts Procter &amp; Gamble Co Price Target to 76.00 PG
2015-10-28,"GLD SPDR Gold Trust Shares Quotes


GLD BLTA PG JD"
2015-10-28,"RT  PG Procter &amp; Gamble Co. Yield


PG FXY HSBC TIP"
2015-10-28,sentishiftup PLUG LQD PG RWM MRK    20151028-14:00
2015-10-29,"PG Procter &amp; Gamble Co. Day High


PG AVGO QLD EXPE"
2015-10-29,"AMBA  Inc. Ask Size


AMBA PG GOOG MUX"
2015-10-29,RT : Jim Weddle Supercharges Growth Of Edward Jones   via   PG
2015-10-29,"I beat 99% of people trading PG, ranking . Wicked hella good! The Trading Game:   cc"
2015-11-02,"Estée Q stands out for strong growth globally ex China. Beauty category up healthy 4-5%, strong even in EMs. EL growth there +31% PG UL"
2015-11-03,"PG Procter &amp; Gamble Co. Company Info


PG BAC TSO IBM    Plug Power, Inc. Day Low…"
2015-11-03,RT : The Generation Portfolio: Reinvesting  ABR BABA CYS DIS KMI KO PFE PG
2015-11-04,"RT : Year-over-year revenue growth:
FB: 38%
GE: -1%
PFE: -2%
BAC: -3%
KO: -4%
JPM: -6%
JNJ: -7%
PG: -12%
XOM: -30%
T…"
2015-11-04,PG  Pot. resume Downtrend in pullback LONGERTERM Wly-Dly-Hly combo chart
2015-11-05,"PG - Coty Says Profit Rises, Gives Details on P&amp;G Beauty Merger"
2015-11-07,"WMIH WMI Holdings Corp. Filings


WMIH V BRK/B PG"
2015-11-08,PG - Better Dividend Stock: Procter &amp; Gamble vs. Waste Management
2015-11-08,"RT  PG Procter &amp; Gamble Co. 52Wk High


PG VYM DFS AMBA"
2015-11-09,"RT  PG - SELL Signal at 75.57 on Nov 06, 15 By  Trading Signals Robot   …"
2015-11-09,NEW SEC Filing for PG filed a moment ago:
2015-11-10,RT : PG 2065 floaters at 3M Libor - 0.30%
2015-11-10,"PG Procter &amp; Gamble Co. 52Wk Low


PG YINN AVGO MNST"
2015-11-12,PG - Post-effective Amendment to an S-8 Filing (s-8 Pos)
2015-11-15,"RT :    

PG CPB GIS"
2015-11-16,Growing smaller: LFCF declines faster than CashOps as PG sheds brands/delevers - lower multiple???
2015-11-16,Dow  Trend DD GE DIS GS V JPM JNJ MMM MSFT TRV UTX MRK KO XOM PG BA INTC MCD CVX CSCO @
2015-11-18,PG - Statement of Changes in Beneficial Ownership (4)
2015-11-20,DozenStocks: Dow  Trend KO BA DIS TRV HD JNJ V INTC JPM PG MCD MRK MSFT UTX GE AAPL GS WM…
2015-11-20,"EFA iShares MSCI EAFE Index Fund Market Cap


EFA PG UVXY XLI"
2015-11-23,BNP Paribas Lowers Procter &amp; Gamble Co Price Target to 76.00 PG
2015-11-23,"TSN Tyson Foods Inc Cl A Message Board Posts


TSN PG NATI BLTA"
2015-11-23,"Popular: AGN, PFE, GME, DWTI, CLDX, MNK, BX, CMTL, TOUR, PNRA, PEP, TSL, BA, DWRE, PG"
2015-11-25,"DUST Direxion Daily Gold Miners Bear 3x Shares % Change


DUST MO PG AAPL"
2015-11-25,"PG Top news - Nov 25th, 2015 PG"
2015-11-26,"PG Procter &amp; Gamble Co. News


PG LMAT EUM SLTD"
2015-11-30,chartguy89: PG -0.26% Stock Charts PG Procter &amp; Gamble Co.
2015-11-30,"GDXJ Market Vectors Junior Gold Miners News


GDXJ PG KOL GLD"
2015-12-01,"VNQ Percent Change Updated Tuesday, December 1, 2015 10:07:22 AM SGYP GERN AFL PG"
2015-12-01,All PG trades
2015-12-01,"PG Financials Updated Tuesday, December 1, 2015 3:11:22 PM AEZS XLE FTK CVX"
2015-12-04,"PCLN Reviews Updated Thursday, December 3, 2015 7:07:21 PM FXE XLB DDD PG"
2015-12-04,S&amp;P500  Trend NEM MAT AAL LB PM PG CA FE MDT VRSN AVGO KR LUV NVDA MNK COST XRAY BRCM @
2015-12-05,"PTEN Patterson-UTI Energy, Inc. Stock Message Board


PTEN PG CY NX    QIHOO 360…"
2015-12-06,See why these assets are trending in 1 watchlist AAL AAPL PANW PG RJF
2015-12-09,"This is it,  the 'wow' factor that explains why there's such spending on skin care  PG UN OR JNJ AVP COTY EL"
2015-12-10,"I beat 93% of people trading PG, ranking . Wicked hella good! The Trading Game:"
2015-12-10,"SALE hires GOOG exec, spike in  traffic. Target 15 strong buy vs peers GRPN QUOT  PG UAL MDLZ"
2015-12-10,RT SeekingAlpha: Dropping Kinder Morgan For A Stock With Quality  JNJ KMI AAPL PG T VZ
2015-12-11,"DWTI VelocityShares 3x Inverse Crude ETN Financials


DWTI VTI PG BIDU"
2015-12-13,"RT : MUSIC VIDEO: Mike Dece () ft. MFK  - ""Overseas"". .Rich Slut. .CPG."
2015-12-14,"RGBP Regen BioPharma Inc. 52Wk Low


RGBP UNG PG GIG"
2015-12-14,"PG Top news - Dec 14th, 2015 PG"
2015-12-15,"EUM Australia iShares 52Wk Low


EUM AVGO CHK PG"
2015-12-21,Procter &amp; Gamble Co PG Shares Bought by Eagle Asset Management
2015-12-22,Vetr Inc. Upgrades Procter &amp; Gamble Co PG to “Buy”
2015-12-23,"Just released!  SogoTrade’s Morning Call on Today’s Spotlight Stocks AAPLMSFT,ICF, IYF,CAT, PG, STV, YGE"
2015-12-24,"XOM SPDR S&amp;P Oil &amp; Gas Exploration &amp; Production Index Dividend


XOM FB PG XLE  …"
2015-12-25,"PG up 6.65%, trend detected 23 days ago at 75.94 and peaked 11 days later at 80.99"
2015-12-26,"PG Procter &amp; Gamble Co. Dividend


PG XLE SPXL XLE"
2015-12-26,"VEA Investor Opinions Updated Saturday, December 26, 2015 07:11:00 AM PG MSD ABBV GGN"
2015-12-28,"PG VTR:

Where Investors Are Looking Ahead Of 2016:"
2016-01-03,"PG Procter &amp; Gamble Co. Ask


PG MILLQ FOXA NFLX"
2016-01-05,Weekly S&amp;P100  Trend EXC WMT SO KMI DVN MON HAL GE MCD COST EMR MSFT T APC HD MDT PG  @
2016-01-09,"West Oak Capital Buys 1,726,850 in Procter &amp; Gamble Co PG Shares"
2016-01-12,"Woodstock Sells 1,565 Shares of Procter &amp; Gamble Co PG"
2016-01-13,Needelman Asset Management Sells 120 Shares of Procter &amp; Gamble Co PG
2016-01-14,"OA Orbital ATK, Inc. Change


OA PG CAT TVIX"
2016-01-15,Volume Alert - PG 75.01 Procter &amp; Gamble Company PG Hit a high today of 75.20 Closing the day 10:30 at 75.01
2016-01-15,RT : A Spreadsheet For DGI Investors  GIS JNJ KO MCD MO PEP PG WMT XOM
2016-01-16,"ExxonMobil Investment Management Sells 48,424,000 in Procter &amp; Gamble Co PG Shares"
2016-01-16,"RSP Guggenheim S&amp;P 500 Equal Weight ETF Open


RSP VRSN PG IYR"
2016-01-16,"Nisa Investment Advisors Has 70,859,000 Position in Procter &amp; Gamble Co PG"
2016-01-17,"Lawson Kroeker Investment Management Sells 3,815 Shares of Procter &amp; Gamble Co PG"
2016-01-19,RT : Top 3 in my play  today: PG GIS T
2016-01-19,"BAC 52Wk Low
Click Here -- &gt; 

BAC MS RF PG"
2016-01-22,PG Procter &amp; Gamble Co Daily:1.17% Weekly:0.75% YTD:-3.39% Trend:55 / 100
2016-01-24,Get your Superbowl stock ready.  BWLD BUD KO KFT NKE UA DIS DTV PEP V PG OXYS CEMI CNSO CUR STEM
2016-01-24,AQXP +1819%. SEE TRACK RECORD &amp; SUBSCRIBE   PG WMT PTR TM PFE BUD
2016-01-25,"RT :  this week: MCD, RACE, HAL (Jan 25), AAPL, T, PG (Jan 26), BA, FB (Jan 27), MSFT, F, BABA (Jan 28),…"
2016-01-27,The New Dogs Of The Dow - 2016  AAPL  AXP BA CAT CSCO CVX GE IBM INTC KO MCD MMM MRK PFE PG T
2016-01-27,Dow Jones Industrial Average Falling Today Ahead of Fed Statement  BA  C  GS  JNJ  LVS  MMM  PG  T  AAPL
2016-01-28,"RT TheStreet: Buy these 5 blue chips for big breakout gains, including MSFT, HD and PG"
2016-01-30,S&amp;P100  Trend MSFT RTN CL WMT EXC FB MO PG JNJ VZ GOOGL T SO MCD PM KO GE HD HON  @
2016-01-31,FREE TRIAL STOCK ALERTS -  MEA +25% MUST SEE Track Record  CDRB SBOT MFON PG WMT
2016-02-02,Trading indices? Check stories for the major constituents of  CVX PG JPM
2016-02-03,"FCX Filings Updated Tuesday, February 2, 2016 9:59:25 PM PFE BP AXP PG"
2016-02-04,PG  Pot. pullback in Downtrend LONGERTERM Wly-Dly-Hly combo chart
2016-02-05,Procter &amp; Gamble Co PG is Bennicas &amp; Associates Inc.’s Largest Position
2016-02-05,"PG Last Price Updated Friday, February 5, 2016 07:59:21 AM CVX TQQQ NVDA NKE"
2016-02-06,Weekly Dow  Trend VZ PG WMT DD CAT XOM UTX MMM IBM JPM GS TRV BA KO UNH JNJ AXP MCD  @
2016-02-07,PG - XLP ftw.
2016-02-10,"PG Reviews Updated Tuesday, February 9, 2016 7:59:23 PM CSX KBE PGX EEM"
2016-02-11,"RT SeekingAlpha: If ROIC Is So Great, Then Why Doesn't Everyone Use It?  PG T KO"
2016-02-11,"AMZN Activision Blizzard Inc. Ex-Div Date


AMZN PG DLR F"
2016-02-12,"Stocks Going Down, Dividend Yields Going Up: Retirement Portfolios Rejoice!  JNJ PG XOM"
2016-02-14,"CRM  Inc. Open


CRM CEW SPXU PG"
2016-02-14,"T Stock Price Updated Sunday, February 14, 2016 10:59:22 AM NVS PG BAA FTR"
2016-02-14,( PG) Better Buy: The Procter &amp; Gamble Co vs. Kimberly-Clark. Read more:
2016-02-14,( PG) Better Buy: The Procter &amp; Gamble Co vs. Kimberly-Clark. Read more:
2016-02-15,"MYEC Last Price Updated Monday, February 15, 2016 12:59:25 PM JAH CELG PG FMX"
2016-02-16,"PG Procter &amp; Gamble Co. Stock Message Board


PG GLD CAE.TO MUX"
2016-02-16,"MO Altria Group Inc. Stock Message Board


MO WMT XLU PG"
2016-02-17,"NVDA Market Vectors Oil Services Ask


NVDA MFC.TO PG VTI"
2016-02-17,"CSCO Stock Forum Updated Wednesday, February 17, 2016 07:59:21 AM SCCO TMF PG SH"
2016-02-19,Worst sentiment for SP1500 stocks at market open: NEM BCR DE O PG (2016/02/19)
2016-02-19,# PG faces Energizer lawsuit. Read more:
2016-02-19,Here's how # PG's new CEO fared in his public debut. Read more:
2016-02-19,Here's how # PG's new CEO fared in his public debut. Read more:
2016-02-19,Here's how # PG's new CEO fared in his public debut. Read more:
2016-02-20,Procter &amp; Gamble Co PG Upgraded at Sterne Agee CRT
2016-02-20,"C Investor Opinions Updated Saturday, February 20, 2016 02:59:22 AM DVY ATW PG T"
2016-02-20,"PG Investor Opinions Updated Friday, February 19, 2016 8:59:26 PM PCLN FXI DUST FBP"
2016-02-21,Procter &amp; Gamble Co PG Position Maintained by Factory Mutual Insurance Company
2016-02-21,"BBY Best Buy Co, Inc. Open


BBY PG RGLD DPZ"
2016-02-23,"GLD SPDR Gold Trust Shares Financials


GLD DGAZ PG AMZN"
2016-02-26,"F Facebook, Inc. Stock Message Board


F CHK PG SQQQ"
2016-02-26,Unusual Put Activity  ALP CNQ FL GPS GG XOP HYG IYR FAS TLT HPQ COST DAL SVXY PG
2016-02-27,"RT : NWBO OceanaGold Corp. Investor Opinions


NWBO PG AMZN HYG"
2016-02-27,"USLV United Technologies Corp. Ask Size


USLV AMZN SLW PG"
2016-02-27,Brilliant. Regular soap? PG
2016-02-27,"RT : Start   With 500
&amp; Turn it UP To 5,000💰

♛ 

GDXJ PG CHL ALL
h…"
2016-02-27,"RT : Start   With 500
&amp; Turn it UP To 5,000💰

♛ 

GDXJ PG CHL ALL
h…"
2016-02-27,"RT : Start   With 500
&amp; Turn it UP To 5,000💰

♛ 

GDXJ PG CHL ALL
h…"
2016-02-27,"RT : Start   With 500
&amp; Turn it UP To 5,000💰

♛ 

GDXJ PG CHL ALL
h…"
2016-02-27,"RT : Start   With 500
&amp; Turn it UP To 5,000💰

♛ 

GDXJ PG CHL ALL
h…"
2016-02-27,"RT : Start   With 500
&amp; Turn it UP To 5,000💰

♛ 

GDXJ PG CHL ALL
h…"
2016-02-27,"RT : Start   With 500
&amp; Turn it UP To 5,000💰

♛ 

GDXJ PG CHL ALL
h…"
2016-02-27,"RT : Start   With 500
&amp; Turn it UP To 5,000💰

♛ 

GDXJ PG CHL ALL
h…"
2016-02-27,"RT : Start   With 500
&amp; Turn it UP To 5,000💰

♛ 

GDXJ PG CHL ALL
h…"
2016-02-27,"RT : Start   With 500
&amp; Turn it UP To 5,000💰

♛ 

GDXJ PG CHL ALL
h…"
2016-02-27,"RT : Start   With 500
&amp; Turn it UP To 5,000💰

♛ 

GDXJ PG CHL ALL
h…"
2016-02-27,"RT : Start   With 500
&amp; Turn it UP To 5,000💰

♛ 

GDXJ PG CHL ALL
h…"
2016-02-27,"RT : Start   With 500
&amp; Turn it UP To 5,000💰

♛ 

GDXJ PG CHL ALL
h…"
2016-02-27,"MRO Marathon Oil Ask Size


MRO AWK PG NOC"
2016-02-28,"RT : Turn Your 500 into 5,000!
JOIN 💰

📧pennystockdynasty.com
♛

VLTC JNK PG"
2016-02-28,"RT : Turn Your 500 into 5,000!
JOIN 💰

📧pennystockdynasty.com
♛

VLTC JNK PG"
2016-02-28,"MAIN Main Street and Main Inc. Bid


MAIN DF RXMD PG"
2016-03-01,"ATVI Activision Blizzard Inc. E.P.S.


ATVI AZO PG BIS"
2016-03-01,Procter &amp; Gamble Co PG Upgraded to “Buy” by Vetr Inc.
2016-03-02,"RT : GOT ?

Want to turn your 500 into 5,000+???
join  

PG SH LNKD ERX
htt…"
2016-03-02,"RT : Notable opening imbalances: BAC +279K, T -133K, PFE +85K, PG +75K, DD -80K, MOS -35K, IBM -31K, BABA +51K, TWTR…"
2016-03-03,PG received a new alert. Find out why at          63
2016-03-05,Procter &amp; Gamble Co PG Position Reduced by Salem Capital Management Inc.
2016-03-05,"Feb Income Summary, PG comes in highest"
2016-03-07,"PG:

Stock Sentiment Update: Procter &amp; Gamble Co (NYSE:PG):"
2016-03-08,Weekly Dow  Trend CAT CVX IBM XOM WMT VZ UTX MMM UNH CSCO MRK DD PG AXP JNJ BA KO DIS  @
2016-03-09,More Dogs of the Dow Are Breaking Out With Upside XOM PG VZ WMT
2016-03-09,DGI Strategy - Be Your Own Fund Manager  BA PFE PEP PG JNJ XOM VZ HD INTC KO
2016-03-15,"RT : Families in the lowest quintile of income spend 14% of after-tax earnings on diapers.

PG KMB"
2016-03-17,Trading indices? Check stories for the major constituents of  CVX PG JPM
2016-03-20,Procter &amp; Gamble To Offer Modest 3% Dividend Hike PG
2016-03-21,Procter &amp; Gamble to invest 50 mln in Argentina in 2016-17. Read more:  PG
2016-03-23,CPG free Slikk
2016-03-23,Procter &amp; Gamble Reiterated Rating by Bank of America (Ranked 42nd) to Buy with 89 PT PG
2016-03-23,"PG:

Forecasting Future Earnings Review: Procter &amp; Gamble Company …:"
2016-03-24,GE Chooses Seaport District for Boston Headquarters. Read more:  PG
2016-03-25,PG: Analyst action by Barclays on Procter &amp; Gamble:
2016-03-28,Dow  Trend GE MMM UNH TRV WMT JNJ KO IBM MCD CAT UTX XOM PG VZ MRK HD CVX V CSCO AAPL @
