Date,Tweet
2014-01-01,Weekly S&amp;P100  Trend DIS CSCO KO TGT BHI AXP HD UTX PM MDLZ BK UNP MON TXN ALL FCX  @
2014-01-01,Dow  Trend AXP UTX CSCO KO HD DIS V IBM DD INTC JPM UNH TRV MRK MMM GE GS MSFT CAT  @
2014-01-03,Weekly Dow  Trend DIS WMT HD GS V INTC IBM UTX VZ UNH T MSFT AXP JPM MRK CSCO KO CVX  @
2014-01-08,"UTX Downgraded to Neutral, PT Raised to 125 at Citigroup"
2014-01-08,UTX BlueFire Unveils Premium Steel Bit Line
2014-01-10,UTX United Technologies Corporation (NYSE:UTX) Completes Maiden Test Flight
2014-01-14,UTX Cloud Medical Doctor Software Corp : NATIONAL SCIENTIFIC CORP/AZ - 10-K ...
2014-01-14,UTX - How to Build the Ultimate Portfolio For The U.S. Oil and Gas Boom -&gt;
2014-01-21,Acquisitions And Commercial Aviation Will Lift UTC's Results Despite European And Military ...  UTX
2014-01-22,RT : New  in XLV IWM &amp; GOOG AMZN FB GILD BA UTX AMGN BIIB PCLN ESRX ACN LMT DTV CRM GD ACT SYK …
2014-01-23,United Technologies Corp.'s neutral rating reiterated at Zacks. 122.00 PT.  UTX
2014-01-24,UTX United Technologies Corp. Price Target Increased to 132.00 by Analysts at ...
2014-01-24,to buy UTX DGAS ACI MELI Give it a try
2014-01-28,RT : Movers and Shakers: Making Range Advances: S CVC AEO NWSA CMCSA FTR GAME UTX EA BRCM NWBO CBG INTC HPQ T…
2014-01-30,"~{ 23 }~ 
NKE&gt;+1.89%&gt;+3.00% 
CAT&gt;+0.17%&gt;+2.35% 
UTX&gt;+0.64%&gt;+1.59% 
JPM&gt;+1.15%&gt;+1.45% 
GS&gt;+1.02%&gt;+1.25%"
2014-02-05,Are you buying QLYS RHI ARG UTX View now
2014-02-09,"Retiring Early May Come Down to Your ""Financial Personality""  WMT UTX"
2014-02-13,Are you Investing in OHI HUN UTX PCLN
2014-02-14,UTX Pratt &amp; Whitney to Provide Fuel Efficient PurePower® Engines on Air C...
2014-02-14,Find the next UTX JAZZ ALR ISRG
2014-02-16,Are you Investing in UTX ECL TK CAG
2014-02-17,Floating Segmented Seal UTX
2014-02-18,&amp;Whitney Squares Off With GE For Jet Engine Dominance  via  UTX
2014-02-19,"Pratt &amp; Whitney, Sikorsky Aircraft and United Technologies Sponsor Patriots ... UTX"
2014-02-21,Potential United Technologies UTX Trade Targets 3.28% Return (  )
2014-02-21,UTX Lydall Acquires Industrial Filtration Business Of Andrew Industries Limited
2014-03-03,WWAV  to hold onto XLNX UTX BWP
2014-03-04,Weekly Dow  Trend UNH VZ HD DD CVX UTX GS XOM NKE MRK AXP BA KO IBM MSFT TRV MMM JNJ  @
2014-03-06,Todays Stocks to Watch UTX PKG CNX BLOX
2014-03-07,UTX Comtech Telecomm. Corp. (CMTL) news: Comtech Telecommunications' CEO ...
2014-03-10,UTX Connecting University Of Pittsburgh Graduate Students With Israeli Innovation
2014-03-13,UTX UTC Reaffirms 2014 Outlook
2014-03-13,United Technologies Co. UTX Issues FY14 Earnings Guidance
2014-03-13,"UTX UMC, Hon Hai bolster hiring as business picks up"
2014-03-13,RT : Reminder: United Technologies will broadcast our investor and analyst meeting tomorrow at 1p.m. ET UTX
2014-03-14,RT : 3 Reasons why UTX Shares Dropped Yesterday
2014-03-14,"UTX Blue Light Specials In The Market: Healthcare [Johnson &amp; Johnson, Medtronic ..."
2014-03-16,Bearish on these  IT MPC UTX YOD View now
2014-03-17,"United Technologies Corp. Advisory to Securities Analysts, Investors and News ... UTX"
2014-03-17,UTX Carrier's Newest Manufacturing Facility Earns Leadership in Energy and ...
2014-03-18,Lockheed Martin And United Technologies Corporation Are In The Race For 8B Indian Navy Hel...  BA LMT UTX
2014-03-18,UTX Lockheed Martin And United Technologies Corporation Are In The Race For 8B ...
2014-03-20,UTX Wooing a new generation of museum patrons
2014-03-20,UTX Boeing's Dreamliner Review Puts Suppliers in the Spotlight
2014-03-21,"UTX Lockheed Martin F-35 Jet’s Software Delayed, GAO Says"
2014-03-24,UTX Baytex Provides Update on Aurora Acquisition
2014-03-24,Airbus wins booking for 37 A320 net jets from Tigerair   EADSF TAIRF UTX SINGY
2014-03-26,United Technologies : Maritime Helicopter Support Company Breaks Ground on Navy's MH-60R Helicopter Mainten...  UTX
2014-03-26,UTX Efforts to Cut F-35 Costs Hinge on Foreign Partners
2014-03-26,UTX Airbus Signs 69 Billion Helicopter Deal With China
2014-03-27,United Technologies : Patent Issued for Mounting System for a Planetary Gear Train in a Gas Turbine Engine  UTX
2014-04-01,UTX The 4 Stocks That Led the Market Ra
2014-04-02,Watch Idea - Gappers: MNDK DLLR UTX ISRG TSLA UNF LQDT     -r
2014-04-02,UTX UConn Fundraisers Need To Be Wary Of Legal Issues
2014-04-04,Latest  information on  like PETM UTX BRCD CI
2014-04-05,Reduction In Jet Flap Interaction Noise With Geared Turbine Engine UTX
2014-04-05,Alignment Tool For Use In A Gas Turbine Engine UTX
2014-04-05,Great   Newsletter you must have UTX ZION OCN PCLN
2014-04-05,Couple of Stocks you should Watch MDR UTX LNT S
2014-04-05,Great   UTX ZION ALR GOOG  RATE_LIMIT_EXCEEDED
2014-04-06,UTX Wisconsin manufacturers see value in returning work to U.S.
2014-04-06,Find out  the latest on FIS TCB UTX ISRG
2014-04-09,How Zubin Irani is reorganizing United Tech biz around key clients UTX
2014-04-10,Couple of Stocks you should Watch BLL UTX TSN AMZN
2014-04-10,Flow Modifier For Combustor Fuel Nozzle Tip UTX
2014-04-15,Latest  information on  like UTX MSG PLCM AMZN
2014-04-15,Did you lose money on PM AGO UTX S Worth a look
2014-04-15,Did you lose money on PM AGO UTX S Worth a look
2014-04-16,Stocks I'm keeping my Eye on...should you? UTX APOL PLCM NUAN
2014-04-16,UTX U.S. approves F-35 flights to UK for two air shows in July -officials
2014-04-16,Is United Technologies A Good Pick Over Honeywell? UTX
2014-04-16,REGN Are you Bullish on these  FDS UTX USD
2014-04-16,"UTX Stock Market Today: GE, FB, GOOG Lead Today's News"
2014-04-17,"Some US earnings highlights for next week GILD, T, MCD, UTX &amp; CMCSA Tues, AAPL, FB, QCOM &amp; PG Weds, MSFT, VZ, UPS AMZN on Thurs"
2014-04-17,Dow  Trend MMM XOM CVX DD T GE TRV KO PG CSCO WMT JNJ MCD UTX BA INTC MSFT NKE CAT V  @
2014-04-18,Latest Earnings info on UTX DE FHN USD
2014-04-18,Weekly S&amp;P100  Trend COP CVX NOV WAG HAL KO ABT C QCOM MA XOM GE DVN EMR UTX BA RTN  @
2014-04-19,UTX [] Pentagon Official Criticiz
2014-04-20,UTX  Research on FTNT CNX CBM Must have
2014-04-21,UTX U.S. approves 680 mln sale of Black Hawk helicopters to Mexico
2014-04-22,Bi-directional Compression Fan Rotor For A Gas Turbine Engine UTX
2014-04-22,Should you hold or add to  UTX ADI CST SLW Must see
2014-04-23,Dont want to lose like you did with UTX PBCT LLTC SLW Goto
2014-04-23,FIS Buying  or selling? VAL UTX FB
2014-04-23,'Saying the same'.  A few thoughts on the United Technologies numbers yday   UTX
2014-04-24,Did you lose money on BRE CLGX UTX CADX Must have
2014-04-24,you might want to  hold onto UTX UGI DEI ISRG
2014-04-25,United Technologies : U.S. regulator probes United Tech's jet engine sales in China  UTX
2014-04-25,Insider Trading alerts on ALB ATI UTX NUAN
2014-04-25,UTX U.S. regulator probes United Tech
2014-04-25,"RT : BREAKING: United Technologies reports SEC probe, subpoena related to China sales rep UTX"
2014-04-26,IBD:China Slowing? Big U.S. Companies Remain Bullish  AAPL CAT SBUX MCD YUM UTX LVS
2014-04-27,SBUX Earnings news on CCE UTX DF
2014-04-28,Dont want to lose like you did with DRI MDR UTX IBM Worth a look
2014-04-28,Insider Trading updates on TWO UTX APOL USD
2014-04-29,UTX Insider Trading updates on PBCT BMS HIT
2014-04-29,Couple of Stocks you should Watch LNKD UTX COG IBM
2014-04-29,UTX UTC Board of Directors An
2014-04-30,NCLH Are you thinking of selling NBR UTX FB Check out
2014-05-01,Free research on PCL UTX BEN TRLA
2014-05-01,Are you thinking of Investing in UTX HST RTN FEYE Goto
2014-05-02,We provide a broad range of high-technology products and services for the fast-growing aerospace and buildi... UTX
2014-05-02,UTX  you might want to buy VFC SO CAG Click RATE_LIMIT_EXCEEDED
2014-05-02,RT : Focus list LVS P CVX INVN UTX MTW TOT CCL M DIV AKAM WDC BHI COG
2014-05-02,you might want to buy NI UTX KMT ARNA
2014-05-04,UTX: Why UnitedHealth Group and United Technologies Were the Dows Big Loser...
2014-05-05,you might want to sell TIBX UTX HIG FB
2014-05-06,Are you Bearish on these  UTX ADI FHN DF
2014-05-08,UTX Ahead of the Bell: US Unemployment Benefits
2014-05-08,UTX: [video] New generation of Marine One
2014-05-16,UTX Dow Today: United Techn
2014-05-19,UTX received a new alert. Find out why at          490
2014-05-19,Are you putting your money in WAFD UTX ADI QLYS
2014-05-21,Are you putting your money in NDSN UTX GAS DO
2014-05-21,UTX - Stocks Jump Ahead of Fed Minutes; Lower Yields as a Rate Cut -&gt;
2014-05-21,"UTX Pratt &amp; Whitney says 5,500 geared turbofan engines in backlog, NY Times says"
2014-05-27,"UTX: Wall Street Transcript Interview with Curtis C. Reusser, the President..."
2014-05-29,Are you Bullish on these  SFG UTX ARW FEYE Must have
2014-05-30,UTX: Eight Ways In Which The Army Is Strategically Unique
2014-05-31,COST Looking for the next ATI UTX DO Must have
2014-06-02,TFSL   research TMUS UTX GOGO
2014-06-02,you might want to buy ILMN UTX LUK LIVE
2014-06-03,S&amp;P100  Performance MET CAT TWX UTX SBUX GM BAC MA HD DOW IBM ALL JNJ CMCSA EMR  more@
2014-06-04,Lufthansa backs Bombardier's CSeries despite engine failure  via   UTX
2014-06-10,Dow  Trend DIS UTX GE JPM AXP CAT MMM GS BA CVX INTC MSFT TRV HD XOM IBM KO DD NKE  @
2014-06-10,UTX Awesome   AWH ALR CSIQ Try this
2014-06-11,United Technologies CEO Louis Chenevert Sells 24979 Shares (UTX) UTX
2014-06-12,SYK Are you looking to buy PETM UTX IGN
2014-06-12,"United Technologies COO Paul R. Adams Sells 9,697 Shares UTX"
2014-06-12,RT : UTC Board of Directors Declares Quarterly Dividend UTX
2014-06-16,Research on NI UTX BOH USD
2014-06-20,Morgan Stanley Increases United Technologies Price Target to 129.00 UTX
2014-06-27,Think UTX rally s/b sustainable. Bought 07/12/2014 115-117 bull call spread at 1.23.
2014-06-27,UTX 27Jun Negative News
2014-06-28,UTX   research EXR V DO Worth a look
2014-06-28,XLB Picking Up MOMO OCLR SCIF EEM TRV UTX
2014-06-29,IEX Find more winners like MDR UTX ABX
2014-06-30,Are you thinking of Investing in CME LAMR UTX NUAN
2014-07-01,Airbus dévoile son nouvel A320neo  SAF GE UTX
2014-07-03,Buy-signal detected for 8 stocks: DAL CMI TXT PH PCAR UTX GWW STT
2014-07-03,WSO UTX Watsco increases ownership in joint venture with Carrier: Full Story
2014-07-03,"lets be clear--fixed income will do badly.. momentum stocks NO--CAT, UTX, BA, BAC yes. The critics here are, frankly, pathetic"
2014-07-04,UTX Should you buy ARG VIAB CADX View now
2014-07-04,UTX  you might want to sell TKR LH CHTP Must have
2014-07-04,FIS Looking for the next NBR UTX VFC
2014-07-04,FAST Todays movers to research ILMN UTX SPY
2014-07-05,Looking for the next winners like PRGO CLGX UTX GAIN
2014-07-05,Should you buy AGO UTX CYH CHTP
2014-07-06,BLK  Watchlist. Dont be left behind OII UTX CLF View now RATE_LIMIT_EXCEEDED
2014-07-07,Bearish or Bullish on these  GME UTX PKG BWP
2014-07-07,Get  Research on CVA CI UTX NUAN
2014-07-08,Are you thinking of Investing in VLO UTX INT CSIQ Give it a try
2014-07-11,Research on VAL UTX ULTA TUR Must have RATE_LIMIT_EXCEEDED
2014-07-11,UTX Find more winners like RYN BMRN ISRG Must see RATE_LIMIT_EXCEEDED
2014-07-11,Looking for more info on UTX SLAB RTN CADX
2014-07-11,Top Performing  today WAFD UTX AGNC RT  RATE_LIMIT_EXCEEDED
2014-07-11,UTX Are you Investing in WMT JBHT GRPN Worth a look
2014-07-12,UTX: F-35 engine failure likely not systemic -Pentagon official
2014-07-12,Looking for research on DDR UTX HIG SLW
2014-07-13,UTX - UTC Aerospace Systems selected by Airbus for a long-term maintenance agreement
2014-07-15,NUE  Watchlist. Dont be left behind TMUS UTX AIG
2014-07-15,CNW Awesome   ACM UTX DF View now
2014-07-16,UTX: Morgan Stanley Expects Good Things From United Technologies 2Q14 Report
2014-07-17,STT Is it breakout time on LNKD UTX RT  RATE_LIMIT_EXCEEDED
2014-07-17,Earnings news on XLNX UTX QEP IR Click
2014-07-21,"I like UTX right now although I have no position. If it can come through with earnings, I see it meeting its price target of about 130."
2014-07-21,ORLY Are you hanging on to AON UTX RT
2014-07-21,UTX: Pratt &amp; Whitney Signs F135 Depot Activation Contract with AIM Norway
2014-07-22,UTX  you might want to buy ZION TMHC VFC
2014-07-22,RT : .12 EPS beat by UTX
2014-07-22,Market Reports on stocks like SLM UTX UA S Must have
2014-07-22,CBL Looking for the next BPOP UTX CLF
2014-07-22,UTX Are you Bullish on these  COG MU ABX
2014-07-22,Your estimate for UTX Q2 2014 has been scored –
2014-07-23,3M Co. Earnings: Can the Stock Keep Soaring?  or  on MMM GE and UTX? Share with us here:
2014-07-23,Get great research on stocks VAL UTX DE IGN Must see
2014-07-24,"QASP Dividend 

Also See: UTX MDLZ CMCSA SING ~"
2014-07-24,UTX  you might want to buy MNST V DO Must have
2014-07-24,"Today's Watch List - PulteGroup (NYSE:PHM), United Technologies (NYSE:UTX ... UTX"
2014-07-25,Here are some Stocks to Watch DLPH UTX BEN QLYS Visit
2014-07-25,UTX Awesome   HIG DEI FB
2014-07-25,UTX: Wells Fargo &amp; Co. Downgrades United Technologies to Market Perform (UTX)
2014-07-25,BRE  Research on SYMC UTX IBM Goto RATE_LIMIT_EXCEEDED
2014-07-26,KEY.TO Daily Chart KEY.TO Most recent stock chart and technical analysis. MYEC LIT EXC UTX IBM TNA htt
2014-07-29,UTX - Industrial ETFs Not Looking too Sturdy -&gt;
2014-08-01,RT : DennyT: SMH Interactive Chart SMH TCPS FFFC PFE UTX
2014-08-01,"MRIB Message Board Posts 

Also See: EMB GRCU TLT UTX ~"
2014-08-02,Weekly Dow  Trend PG INTC GS GE MSFT JPM NKE HD V MCD BA TRV UTX KO IBM CVX T DIS DD  @
2014-08-02,UTX  Market Reports on stocks like RHI TE IBM
2014-08-02,Here are some Stocks to Watch JPM UTX CCI AMZN I suggest
2014-08-04,"MINE Chart 

Also See: XLY AMBS UTX BRCM ~"
2014-08-04,UTX Long (5 to 10 dyas trading) UTX
2014-08-14,UTX: Scoot Selects Pratt &amp; Whitney AeroPower for 787 Auxiliary Power Unit Maintenance Support
2014-08-14,"RT : Lockheed still isn't sure how to get rid of that ""check engine"" light on the F-35   LMT UTX"
2014-08-15,Weekly Dow  Trend MRK HD CAT DIS BA TRV MSFT PG JNJ GE UTX INTC MMM KO JPM NKE DD UNH  @
2014-08-15,Dow  Trend BA MRK DIS HD CAT TRV PG MSFT JNJ GE UTX KO JPM MMM NKE INTC DD PFE T V  @
2014-08-18,Dow  Trend UTX NKE BA MMM CAT PG DIS JPM DD HD TRV KO MRK MSFT GS GE JNJ WMT AXP PFE  @
2014-08-20,"""There has been talk the aerospace cycle is done.  Well, it's not done,"" said  talking about GE, UTX"
2014-08-22,Multimillionaire trader SUPERTRADES and his EASY to replicate strategy can make you money!  UTX SDS VIPS
2014-09-04,"I'm in Hartford, CT celebrating ERISA's 40th anniversary w the pension peeps at UTX.  on DC benefits."
2014-09-09,Dow  Trend MSFT NKE MRK BA MMM INTC UNH T V GE JPM KO JNJ PFE GS WMT HD PG UTX DIS  @
2014-09-17,UTX  UNITED TECHNOLOGIES INC.     PRECIO ACTUAL  108.53                  BULL TARGET 114.74    SOPORTE INTRADIA 108.28
2014-09-19,UTX support resistance lvls. 110.15 strong level resist. Others: R 113 - 114; S 103.62. Minor support 107.95
2014-10-01,"Between the rallying  and the EM credit squeeze, big industrials look vulnerable here UTX IR CAT"
2014-10-13,United Technologies : Enhanced Situational Awareness Provided by New Sensors Unlimited Shortwave Infrared F...  UTX
2014-10-20,UTX:US  TECHNOLOGIES CORP 20Oct Positive
2014-10-21,United Technologies records 31% profit increase   UTX
2014-10-21,"RT : Early movers: MCD, VZ, KO, UTX, HOG, CMG &amp; more      …"
2014-10-21,UTX just reported earnings for Q3 2014 –
2014-10-22,"AEMD Volume

Click Here: 

Also See: UTX AA C EEM ~"
2014-10-30,United Technologies : Patent Issued for Cooling Apparatus for a Mid-Turbine Frame  UTX
2014-11-04,“: Missed the rally? 22 catch-up trades  UTX FFIV BABA
2014-11-05,UTX 106.88 Stock Charts UTX United Technologies Corp. (NYSE) Last Updated: 11/05/2014 06:00:19 UTX Stock Char
2014-11-05,Dow  Trend V JPM CSCO WMT NKE MCD MRK UTX AXP MSFT PG TRV JNJ DD MMM UNH T GS PFE XOM @
2014-11-24,RT : BREAKING: United Technologies names Gregory J. Hayes as president and CEO UTX
2014-11-24,"UTX trading 2300 of this week's 112 calls for around .18 against OI of 285. Stock at 110.95, up 0.6%"
2014-11-24,"RT : UTX dips nearly 1%  after saying CEO Louis Chenevert, 57, is retiring. Conglomerate taps CFO Gregory Hayes a…"
2014-11-24,"RT : United Tech CEO Retires; Reaffirms 2014 EPS, Sales UTX"
2014-11-26,This weeks Stocks you should Watch HUN UTX INT USD
2014-11-26,United Technologies’s Buy Rating Reiterated at S&amp;P Equity Research UTX
2014-11-26,Looking for the next CLH NUAN UTX AMZN
2014-11-26,TMO Get great research on stocks WPX UTX LGND
2014-11-26,Are you Bullish on these  UTX GAS TK AMZN Check out
2014-12-02,Looking for research on UTX EXPE BMS CI Must see
2014-12-02,UTX Top Performing  today WMT VIAB CI
2014-12-04,TODAY'S UNUSUAL CALL ACTION: AMKR RAI CSTM KING NOAH CSTM UTX
2014-12-06,Free research on ASBC UTX ZION CAG
2014-12-08,UTX received a new alert. Find out why at          88
2014-12-09,Are you considering selling OHI JDSU UTX SLW
2014-12-09,"BA GE News: ""GE Part IV: Aviation Segment Analysis BA HON UTX GE …""  Board view:"
2014-12-09,"RT : If you looking for some potential good SWING CALLs, UTX and KING can work well on recent BULLISH FLOW"
2014-12-09,UTX It could be breaktout time on PNC GPOR GOGO View now
2014-12-10,CEO PAY much bigger than cartoon shows. UTX
2014-12-11,CBL  you might want to buy O UTX BLOX Check out
2014-12-11,REGN Are you looking for winners like ZBRA UTX TRLA
2014-12-15,Insider Trading alerts on IT SBAC UTX BLOX
2014-12-17,UTX Here are some Stocks to Watch TDW PLCM CLF Visit
2014-12-18,you migh want to Sell HUN UTX RHI CADX Must have
2014-12-19,Are you considering selling UTX D TWTC QLYS
2014-12-19,Latest Earnings info on NDSN UTX UA SLW
2014-12-25,United Technologies Corp. (UTX) Closes 0.26% Down on the Day for December ... UTX
2014-12-27,Use coupon code PROFITMAS on any Profitly newsletter 50%+ discount! POT ASPS PGNX UTX SN XLK OPK
2014-12-30,Use coupon code PROFITMAS on any Profitly newsletter 50%+ discount! POT ASPS PGNX UTX SN XLK OPK
2015-01-03,chartguy89: Stock Charts: MAX.TO Stock Chart MAX.TO UTX TZA MMM
2015-01-12,United Technologies Corp. (UTX) Closes 1.7% Up on the Day for January 08 UTX
2015-01-15,"UTX: New SEC Filing for UTX:

Form 8-K, No. 0000898822-15-000018"
2015-01-23,UTX 2 of 2   via
2015-01-24,Technologies : Patent Issued for External Flap Retaining Mechanism  UTX
2015-01-26,Weekly S&amp;P500  Trend SBUX UNH CCI SJM HSP UTX GAS VTR BA PLD CERN CMS TE EFX PAYX TEG  @
2015-01-27,UTX United Technologies Slashes Outlook On Currency Headwinds
2015-01-27,Futuros a la baja por resultados de DD MSFT PFE UTX PG CAT
2015-01-28,"BA News: ""Pentagon picks Boeing 747-8 to replace Air Force One BA UTX LMT …""  Board view:"
2015-01-28,RT : Let's see how many people opine on AAPL today without having actually listened to the call..like UTX yesterday
2015-01-30,Stephanie_Link: RichtofenV so many better industrials to own:  UTX IR SWK LEA -HDS  on any pullback.
2015-02-03,S&amp;P100  Trend HAL APC DVN APA OXY AMZN COST COP UTX BA MON HON ABT GM CVX GILD XOM  @
2015-02-03,RT : UTC Board of Directors increases dividend 8.5 percent   UTX
2015-02-05,"V Reviews Updated Wednesday, February 4, 2015 6:11:23 PM DIA FXE UTX TVIX"
2015-02-05,S&amp;P100  Trend DIS GM V F COST HD ALL DVN HON APA TGT AMZN OXY XOM LOW SBUX BA UTX  @
2015-02-06,S&amp;P100  Trend USB HAL CVX DVN GM LOW UTX HON DIS F DD HD V AMZN OXY COP MS RTN BA  @
2015-02-08,UTX - UTX(H1) -
2015-02-09,"IYR News Updated Sunday, February 8, 2015 8:11:01 PM GS AMZN UTX TVIX"
2015-02-11,Companies with cheap March 15 options UTX UNP MMM BA MCD UPS LLY DD CL MON CAN IP WPZ
2015-02-15,UTX +1.39% Stock Charts UTX United Technologies Corp. (NYSE) Any opinions on UTX? Please reply to this post.
2015-02-18,RT : REMINDER: UTC President &amp; CEO Greg Hayes to speak live at 11:25 a.m. ET   UTX
2015-02-18,Technologies : Tech attiré par de grosses acquisitions à l'étranger  UTX
2015-02-19,Dow Jones (DJIA) Today: United Technologies (UTX) Leads The Day Higher ... UTX
2015-02-23,S&amp;P100  Trend UNH RTN LMT EBAY ABT MA AAPL F UTX FB CL MDT BMY MO BIIB LOW USD AMZN  @
2015-03-05,"UTX:

United Technologies Corporation (NYSE:UTX) Update: United ...:"
2015-03-11,"GILD Reviews Updated Wednesday, March 11, 2015 10:03:17 AM DIS UTX XLI GG"
2015-03-11,"UTX Stock Forum Updated Wednesday, March 11, 2015 5:07:11 PM TWTR INFN UTX SLW"
2015-03-11,RT : Reminder: United Technologies will broadcast our investor and analyst meeting tomorrow at 1 p.m. ET UTX
2015-03-12,United Tech CEO sheds light on possible Sikorsky spinoff   UTX
2015-03-12,RT : .UTX CEO on Euro: In Dec we forecast it would be 1.25 for '15. 6 weeks later it was 1.10. Now it's 1.05 &amp; I look like a…
2015-03-12,RT : UTX puts Sikorsky on the block amid activist talk; defense source says spinoff is most likely  …
2015-03-12,"UTX:

United Technologies Discusses 'Black Hawk Gone' Plans:"
2015-03-12,UTX - United Technologies May Spin Off Sikorsky Helicopter Unit -- Update
2015-03-13,Scan results - 50 DMA Support today: CFG ASH GMED UTX LEG ARI UNM TKR STL KANG ...
2015-03-17,"IYR Volume

Click Here: 

Also See: XLY UTX DDD GGAL ~"
2015-03-20,Analyst Consensus Price Target on United Technologies Corporation (NYSE:UTX) UTX
2015-03-20,"UTX Financials Updated Friday, March 20, 2015 01:07:23 AM TVIX LNKD LNKD UTX"
2015-03-22,"HON, LMT, UTX, BA, GD EPS Trend Comparison"
2015-03-26,United Technologies Sees Unusually Large Options Volume UTX
2015-03-26,UTX received a new alert. Find out why at          258
2015-03-26,Weekly Dow  Trend MCD MRK PFE NKE VZ UNH TRV CVX DIS HD IBM UTX BA KO XOM AAPL PG JNJ  @
2015-03-29,"United Technologies Earns ""Hold"" Rating from Zacks (UTX) UTX"
2015-03-30,"BBRY UTX:

Morning Buzz: BlackBerry Ltd (NASDAQ:BBRY), ON Semiconductor ...:"
2015-03-31,jim50: UTX Stock Gapped up +0.20 UTX Last Price 118.83
2015-04-07,UTX United Technologies Corp 2015-04-02NBO system Narrow Range Breakout----------LONG...
2015-04-07,RT :  Your tweet about UTX had a sentiment of 5 and was featured on Market Parse.
2015-04-08,Dow  Trend CVX IBM MMM GS JPM KO PFE BA MSFT XOM AAPL MCD GE HD V UTX DD VZ JNJ CAT  @
2015-04-21,On The Fly: Top stock stories at midday TEVA MYL PRGO VZ UTX TRV DD VRTX GILD FTNT LRCX HOG UA: F...
2015-04-21,"X Investor Opinions Updated Tuesday, April 21, 2015 03:11:28 AM WMT RSX KMX UTX"
2015-05-02,"PBR Petroleo Brasileiro (Petrobras) News
Click Here -&gt; 

Trending PBR UTX TNA FWDG"
2015-05-05,"XLB Materials Select Sector SPDR Volume
Click Here -&gt; 

Trending XLB EWY XLE UTX"
2015-05-08,Dow  Trend JPM MRK NKE CAT V MSFT AXP IBM GS GE DIS UNH UTX MCD CVX XOM CSCO VZ MMM  @
2015-05-09,"UTX United Technologies Corp. Bid
Click Here -&gt; 

Trending UTX GG WFC FXE"
2015-05-10,"FV First Trust Dorsey Wright Focus 5 ETF Chart
Click Here -&gt; 

Trending FV SCTY UTX IWM"
2015-05-13,"Now IBM is no longer the most shorted stock in the Dow, UTX claiming that spot."
2015-05-15,"XLF Industrials Select Sector SPDR Short Sales
Click Here -&gt; 

Trending XLF UTX RVLT GDX  …"
2015-05-15,"FV First Trust Dorsey Wright Focus 5 ETF E.P.S.
Click Here -&gt; 

Trending FV BLOX SH UTX  …"
2015-05-15,"""UTX: Not All Dividend Yields Are Created Equal"" . Top investing idea trending   CVX KO"
2015-05-16,Largest Aerospace and Defense Assets vs. Earnings  BA  UTX    RTN  TXT  Chart:
2015-05-16,"DIS Walt Disney Co. Day Low
Click Here -&gt; 

Trending DIS BIDU UTX TIP"
2015-05-17,"SCO ProShares UltraShort DJ-UBS Crude Oil Filings
Click Here -&gt; 

Trending SCO TSLA UTX XLU  …"
2015-05-18,"MDY SPDR S&amp;P MidCap 400 Shares
Click Here -&gt; 

Trending MDY UTX ABC MU"
2015-05-18,"SOYB Teucrium Soybean Fund Bid Size
Click Here -&gt; 

Trending SOYB ECIG BLTA UTX"
2015-05-20,"BABA Alibaba Group Holding Ltd. 52Wk High
Click Here -&gt; 

Trending BABA OIH BIIB UTX"
2015-05-20,"RT : Skeptical of this UTX Sikorsky sale instead of spin talk for 3 reasons: taxes, antitrust, and labor."
2015-05-20,: LUV Southwest Airlines Co. Exchange Click Here -&gt;  Trending LUV UTX SH ZIOP
2015-05-22,"FV First Trust Dorsey Wright Focus 5 ETF Summary
Click Here -&gt; 

Trending FV BHP UTX ADXS  …"
2015-05-22,"UTX:

New SEC Filing for UTX: Form 8-A12B (No. 0001193125-15-197735):"
2015-05-26,NOC UTX LMT BA LMT TXT        &amp;A
2015-05-26,"MDCN Medican Enterprises, Inc. % Change


MDCN UTX BAC HAL   .TO Magna Intl, Inc.…"
2015-05-27,"PG T TRV UNH UTX VZ V WMT XOM Long and short positions from the DJIA, up to 1800% since 2008.  DIA"
2015-05-28,"PG T TRV UNH UTX VZ V WMT XOM Long and short positions from the DJIA, up to 1800% since 2008.  DIA"
2015-05-31,"danrocks4: FCX Freeport-McMoRan, Inc. Ex-Div Date


FCX XLV EWH UTX   …"
2015-06-01,BA vs. UTX vs. RTN vs. HON Compared Across 9 Critical Measures
2015-06-08,"FV First Trust Dorsey Wright Focus 5 ETF Financials


FV UTX F HSY"
2015-06-08,Granite State Manufacturing Receives Virginia Class Submarine Component ... UTX
2015-06-10,Dow 30 best performers today. PG INTC CAT AXP GE MMM KO CVX JPM CSCO TRV V UTX PFE JNJ UNH IBM
2015-06-10,United Technologies UTX  pays out the dividend: On June 10 United Technologies pays out a quarterly cas...
2015-06-10,United Technologies UTX Stock Gains on Potential Sikorsky Sale
2015-06-10,UTC reviewing Sikorsky options after offers  UTX TXT LMT BA
2015-06-12,"RT : United Technologies To Review Boeing, Lockheed Martin, Textron Offers  UTX BA LMT TXT"
2015-06-14,"GE BA UTX:

Airbus Said to Near GE Lessor Order for 6.4 Billion of A320neos:"
2015-06-15,"UTX:

Pratt &amp; Whitney's F135 Engine Hot Section Demonstrates Full-Life ...:"
2015-06-15,"HND.TO Horizons BetaPro NYMEX Natural Gas Bear Plus ETF Change


HND.TO FXE KEL.TO UTX .TO …"
2015-06-17,"LOCO El Pollo Loco Holdings, Inc. Dividend


LOCO HZNP MJMJ UTX"
2015-06-18,"USO United States Oil Fund, LP Financials


USO GREK UTX CAM"
2015-06-18,Price Target Alert: Trading the Zacks price target change for UNITED TECHNOLOGIES UTX
2015-06-25,"PT Chg 6/24: PFIE, MU, PCRX, UUUU, ADPT, PPP, ANET, HUBS, IPHI, CCL, UTX, BX, EXR, OAK, MDCO, INGN"
2015-06-28,"UNF Unifirst Corp. Bid Size


UNF AVGO UTX AMRN"
2015-07-01,"LBSR Liberty Star Uranium &amp; Metals Corp. E.P.S.


LBSR AMBA UTX FB"
2015-07-02,Dow Jones (DJIA) Today: United Technologies (UTX) Lower UTX
2015-07-05,"DIA SPDR DJ Industrial Average ETF Trust Current Price


DIA IPO XOM UTX"
2015-07-10,United Technologies Price Target Lowered to 128.00 at Deutsche Bank (UTX) UTX
2015-07-11,"TBT ProShares UltraShort  20+ Year Treasury Ask


TBT VZ WMT UTX"
2015-07-15,UTX Very High Fundamental Rating -&gt;
2015-07-20,"RT : UTX announces agreement to sell Sikorsky helicopter unit to Lockheed Martin for 9B, confirming WSJ scoop w/ . …"
2015-07-20,"UTX United Technologies Corp. Open


UTX EROS MG.TO AMBA    PowerShares DB US Dollar…"
2015-07-20,"X USX-US Steel Group, Inc. Stock Message Board


X MDCN UTX PGR"
2015-07-20,RT : United Technologies announces deal to sell  to   UTX
2015-07-20,Thanks although I never tweeted re UTX - Looks like you are trying to advertise/market yourselves by misleading your tgt mkt.
2015-07-20,RT : Daily Mail hears 'revived gossip' UTX or HON could be gearing up to launch a £5bn or 625p/shr cash bid for Meggitt.
2015-07-20,Exclusive: Lockheed to buy United Tech's Sikorsky for over 8 billion UTX LMT  via
2015-07-21,"JDST Direxion Daily Junior Gold Miners Index Bear 3X Shares 52Wk Low


JDST JNUG UTX GOOG"
2015-07-21,"PYPL PayPal Holdings, Inc. Ask Size


PYPL UTX C GOOG"
2015-07-21,Is Today's Carnage In United Technologies An Opportunity Or Value Trap?  UTX
2015-07-21,"RT : DJIA fell triple digits, hit by IBM and UTX:"
2015-07-21,"RT : IGEX Indo Global Exchange, Ltd. Bid


IGEX CSX NUGT UTX    iShares Dow Jo…"
2015-07-21,"IGEX Indo Global Exchange, Ltd. Bid


IGEX CSX NUGT UTX    iShares Dow Jones U.S.…"
2015-07-21,United Technologies Rating Increased to Buy at S&amp;P Equity Research UTX
2015-07-21,"RT : Wall Street lower after weak results from IBM, UTX:"
2015-07-22,"CAT Caterpillar, Inc. Change


CAT RHI UTX VLTC"
2015-07-22,"SLV iShares Silver Trust Yield


SLV UTX GOOG XLY"
2015-07-22,United Technologies Cut to “Hold” at Deutsche Bank UTX
2015-07-22,"UTX active, relative volume: 11.65, 1H, 4:00 AM,  DJI SPY"
2015-07-23,"LQD iShares iBoxx Investment Grade Corporate Bond Fund Stock Message Board


LQD UTX CMG COST  …"
2015-07-23,"PEIX Pacific Ethanol, Inc. P/E Ratio


PEIX UTX NFLX PRIM"
2015-07-23,UTX: Analyst action by Citigroup on United Technologies:
2015-07-23,"UTX United Technologies Corp. Summary


UTX XLY LVS VGPMX"
2015-07-24,Price Target Alert: Trading the Zacks price target change for UNITED TECHNOLOGIES UTX
2015-07-24,"PCLN  Inc. Shares


PCLN UTX DBC GG"
2015-07-24,"FCX Freeport-McMoRan, Inc. EOD Data


FCX UTX COG OIL"
2015-07-25,RT : The  's improving reliability means fewer spare-part sales for suppliers.  BA COL UTX #…
2015-07-27,CAT DD UTX V Trading July's Biggest Movers Month To Date
2015-07-29,OCLS OCLSW spiking over 10% today. Price target of 5 GOOG UTX MET GMCR MGM HCN investors read
2015-07-30,"UTX United Technologies Corp. Tick


UTX TSLA SD DWTI    PowerShares DB US Dollar Index…"
2015-07-30,"VUN.TO iPath S&amp;P 500 VIX Short-Term Futures ETN Open


VUN.TO FFIV DUST UTX .TO"
2015-08-01,"ARDX Ardelyx, Inc. Prev Close


ARDX XLI UTX _VOHIX"
2015-08-02,"COH Coach, Inc. Company Info


COH MMM TMF UTX    Columbia Sportswear Co. Last…"
2015-08-03,How Much Bond Duration Could You Endure?     UTX
2015-08-03,"XOM News: ""How To Reach Your Dividend Income Goals MMM UTX XOM JNJ""   Analyze:"
2015-08-03,"XOM News: ""How To Reach Your Dividend Income Goals MMM UTX XOM JNJ""   Analyze:"
2015-08-07,"UTX United Technologies Corp. News


UTX KMI IEF R.TO"
2015-08-08,"RT : Berkshire close to acquiring Precision Castparts, WSJ reports PCP BRK.A BRK.B BA TGI SPR UTX EADSY: Fu..."
2015-08-12,"PG T TRV UNH UTX VZ V WMT XOM Long and short positions from the DJIA, up to 1800% since 2008.  DIA"
2015-08-17,How Much Bond Duration Could You Endure?     UTX
2015-08-19,Weekly Dow  Trend HD MCD TRV MSFT UNH AXP NKE MRK BA JPM KO CAT V PFE VZ JNJ GE DD UTX @
2015-08-25,"HLF Horizons BetaPro NYMEX Crude Oil Bear Plus ETF Current Price


HLF VTI UPRO UTX  …"
2015-08-27,"JPM J.P. Morgan Chase &amp; Co. Last Trade


JPM JNJ SH UTX"
2015-08-28,"ULTA United States Natural Gas Fund Market Cap


ULTA UTX TD.TO GNCA"
2015-08-30,"UTX United Technologies Corp. Last Price


UTX IHSI AMD EA"
2015-08-30,"VTI iPath S&amp;P 500 VIX Short-Term Futures ETN Company Info


VTI TNA UTX EFG"
2015-08-30,"XLE Energy Select Sector SPDR Summary


XLE UTX BIG TWTR    Financials Select Sector…"
2015-08-30,"CLF Cliffs Natural Resources Inc. Message Board Posts


CLF JNJ BIS UTX    Centene Corp.…"
2015-08-30,"CLF Cliffs Natural Resources Inc. Message Board Posts


CLF JNJ BIS UTX    Centene Corp.…"
2015-08-30,"EFOI Energy Focus, Inc. Change


EFOI UTX XIV TBEV"
2015-08-31,"JNK SPDR Barclays High Yield Bond ETF Last Price


JNK INTC UTX PLNT    Direxion…"
2015-09-02,"UTX:

25 high skilled jobs with new Aerospace Research Centre in Cork:"
2015-09-07,RT DozenStocks: Dow  Trend MCD TRV V NKE HD INTC UTX AXP AAPL BA DIS MMM CSCO MSFT UNH WMT …
2015-09-08,United Technologies Sees Large Drop in Short Interest UTX
2015-09-10,Dow  Trend INTC TRV V AXP UNH BA MCD UTX NKE GS VZ CSCO GE PFE MMM HD WMT AAPL DIS  @
2015-09-10,Top sentiment for SP1500 stocks at market open: UPS CASY AGN UTX BIIB (2015/09/10)
2015-09-11,"XIU.TO iShares CDN S&amp;P/TSX 60 Index Fund Change


XIU.TO EWZ BIIB UTX .TO"
2015-09-15,Pratt &amp; Whitney preparing for big production increase on F-35 jet engines  UTX LMT
2015-09-21,Stock in Focus - United Technologies Corporation (NYSE:UTX) UTX
2015-09-22,10 Dow Jones Heavyweights Breaking Down AXP AAPL MRK UTX GS ...
2015-09-23,Below Bollinger  HPQ SPLS FCAU PBR/A AES CPN BWA UTX SAN MTG EWG HEDJ XME MNKD FEYE STX LRCX TEF
2015-09-23,United Techologies UTX Stock Down Amid Weak China Manufacturing Data
2015-09-23,"AAPL MET UTX MS CCE CAM MSI:

Fed delay could spur more debt issues to fund share buybacks:"
2015-09-24,"DRI Percent Change Updated Wednesday, September 23, 2015 5:11:06 PM EA TGD AMZN UTX"
2015-09-25,"UTX United Technologies Corp. Short Sales


UTX GM ZIVO BABA"
2015-09-25,Worst  for   at midday: SCHL GME UTX MTB HCBK (2015/09/25)
2015-09-29,"UTX - Lenel, AlertEnterprise Announce Strategic Alliance to Resell Physical Identity and Access Management"
2015-10-01,Worst  for   at market open: CHK IBKR DD GME UTX (2015/10/01)
2015-10-03,"ABX Investor Opinions Updated Saturday, October 3, 2015 1:59:24 PM UTX PPCH CTIX DIS"
2015-10-08,United Technologies initiated by JPMorgan Chase  &amp; Co. at neutral.  UTX
2015-10-12,My Pay The House Off Early Dividend Portfolio Q3 Update  UTX MS CMI ABBV DLR GILD GM IBM JCI LXP OHI
2015-10-15,"SPWR Direxion Daily S&amp;P 500 Bull 3X Shares Yield


SPWR PMPIX HEDJ UTX    Direxion…"
2015-10-15,Below Ichimoku XRX CSX DBEF HBAN UTX STX PBCT BRCD HBI ETFC ZION HOG AET CENX STWD QVCA HIG PNR
2015-10-16,"Vetr users have upgraded United Technologi... to a BUY Rating (3.5 stars), giving UTX a target price of 97.23"
2015-10-19,Name That Trade – UTX: Industrial Devolution
2015-10-20,UTX pops 2.48% to 94.33 in PreM trading on beating Q3 EPS by 0.12 and approves 12B Common stock buyback; No Current Position
2015-10-20,Pre-mkt strength in TRV UTX BA offsetting IBM weakness but volume remains low
2015-10-20,RT :   PFE PG TRV UTX UNH VZ WMT   djia brent spx SYG.
2015-10-20,Defensive Tuesday For A Stock Market Showered With Hit-Or-Miss Earnings  DIS IBM TRV UTX YUM
2015-10-20,"Mooie plussen vandaag voor veel industrials, voor  o.m. Dover +6,5% en United Technologies +4,3%. DOV UTX"
2015-10-22,"RT : NKE Nike Inc. Dividend


NKE ARIA MMSI UTX"
2015-10-22,"XLE Energy Select Sector SPDR Message Board Posts


XLE UTX EFA UNH"
2015-10-24,UTX High Fundamental Rating
2015-10-26,'JBEM' picks - Free membership solid DD:Join here: USDP USEG UTIW UTX VCRA VDSI VEC VECO VEEV VET
2015-10-27,"RDSH Roadships Holdings, Inc. Prev Close


RDSH UTX MRK HYG"
2015-10-27,UTX - CH-53K Helicopter Achieves First Flight
2015-11-01,"SGYP Synergy Pharmaceuticals, Inc. News


SGYP FATE FXE UTX    ProShares Short S&amp;P…"
2015-11-03,UTX - Embraer S.A.: Pratt &amp; Whitney PurePower(R) Engine for Embraer E-Jets E2 Begins Flight Test Program
2015-11-03,Now available: CFO Akhil Johri’s presentation for today’s Goldman Sachs Industrials Conference  UTX
2015-11-03,"UTX PowerShares DB US Dollar Index Bullish Fund Volume


UTX BTE.TO EMES REGN"
2015-11-04,"UTX:

Stock Insights: United Technologies Corporation (NYSE:UTX):"
2015-11-06,"UTX active, relative volume: 14.7, 1H, 6:00 AM,  SPY DJI"
2015-11-06,"CERS Cerus Corp. Day Low


CERS SLV UTX SCS    CIGNA Corp. Filings…"
2015-11-06,"CERS Cerus Corp. Day Low


CERS SLV UTX SCS    CIGNA Corp. Filings…"
2015-11-08,Need help finding momentum stocks?    SAP UPS CELG WBA SBUX DDAIF LVMUY MTU UTX
2015-11-16,UTX - GE Pushes Into Turboprop Engines
2015-11-16,"LLY Eli Lilly &amp; Co. Ask


LLY BLUE INTL UTX"
2015-11-16,United Technologies Corp. Receives a Hold from Credit Suisse UTX
2015-11-16,Ranks  with over 80% in alert gains today. Click here  .. UTX UTX-A UVE
2015-11-16,Dow  Trend DD GE DIS GS V JPM JNJ MMM MSFT TRV UTX MRK KO XOM PG BA INTC MCD CVX CSCO @
2015-11-19,"PSA Public Storage, Inc. Bid


PSA UTX DNO ANF"
2015-11-20,DozenStocks: Dow  Trend KO BA DIS TRV HD JNJ V INTC JPM PG MCD MRK MSFT UTX GE AAPL GS WM…
2015-11-25,"UTX United Technologies Corp. Ex-Div Date


UTX XSU.TO NFLX NKE"
2015-12-03,"RT : Don't Wait, United Technologies Is A Safe Bet  UTX"
2015-12-06,Investors Sell Shares of United Technologies Co. UTX on Strength UTX
2015-12-10,NEW SEC Filing for UTX filed a moment ago:
2015-12-10,Stochastic Oversold  HEZU PBI SAN HEDJ ARCC BKLN LYB ZION AKAM EXPD PFG HLT UTX HEFA HSBC SPLS DBEF
2015-12-11,RT : Clean Energy Stocks SUNE CPST TSLA SIEGY GE UTX  -  Buy low / Sell high. The Globalist want  …
2015-12-11,"AA Alcoa, Inc. Tick


AA UTX SWET BABY"
2015-12-23,"BCB.TO Cott Corp. Tick


BCB.TO HD RSX UTX .TO"
2015-12-27,"BIDU Filings Updated Sunday, December 27, 2015 11:06:17 AM UTX INTC WFM DVN"
2015-12-30,"UTX:

United Technologies Co. (NYSE:UTX) Given Consensus …:"
2015-12-31,ANFI up 8% PM on 92M contract:  100%+ upside PT 20. P/E of only 6 GOOG UTX MET read:
2016-01-05,"(1 of 2)
 1/4/16
FBAMZNNFLXGOOGLAAPL—👍
NKEHDGEMSFT—👍
UTX—👍
WING—👍
AWK—👎
NRZ—👎"
2016-01-08,With a PE ratio of 14.3x United Technologies UTX is looking undervalued
2016-01-08,"Top Analyst Upgrades and Downgrades: AAPL, AA, AET, CUDA, GPRO, PHM, UTX and Many More"
2016-01-17,"XLP Consumer Staples Select Sector SPDR Ask


XLP UTX TTCM HUM"
2016-01-18,"VRX.TO Vanguard Total Stock Market ETF Yield


VRX.TO UTX WMIH NWBO .TO"
2016-01-21,"RERGX Regen BioPharma Inc. Yield


RERGX UTX RRPIX AAPL"
2016-01-21,"UTX PowerShares DB US Dollar Index Bullish Fund Shares


UTX NOC RSX RSP"
2016-01-22,"14,331 Shares in United Technologies Co. UTX Acquired by Deane Retirement Strategies"
2016-01-23,United Technologies Co. UTX is North American Management’s 8th Largest Position
2016-01-27,RT : Shares of United Technologies trade higher on news of the industrial conglomerates fourth-quarter results. UTX
2016-02-01,I do not let short-term price action contaminate my thinking   UTX
2016-02-02,United Technologies Co. UTX Shares Bought by Asset Advisors Corp
2016-02-05,United Technologies Co. UTX Releases FY16 Earnings Guidance
2016-02-06,Weekly Dow  Trend VZ PG WMT DD CAT XOM UTX MMM IBM JPM GS TRV BA KO UNH JNJ AXP MCD  @
2016-02-11,These  companies could fly high in your :     ERJ UTX BA LUV
2016-02-12,RT : The good news for Carrier's parent UTX is the stock is up a buck from a three-year low
2016-02-12,( UTX) Airbus A320neo's engine problems to be solved by April -Pratt CEO. Read more:
2016-02-13,"Carrier ( UTX ) is closing a plant and moving 1400 jobs to Mexico.  Who's at fault ? Mgmt ? Unions ? Or us, as consumers ?"
2016-02-13,"CRQE Capstone Mining Corp. Stock Forum


CRQE KO UTX XOM"
2016-02-13,"Diversified Trust Co Acquires 2,261 Shares of United Technologies Co. UTX"
2016-02-14,"WYNN Last Price Updated Sunday, February 14, 2016 09:59:22 AM BBL GT RXMD UTX"
2016-02-17,"CIBC World Markets Has 1,667,000 Position in United Technologies Co. UTX"
2016-02-19,"Real-Time feed of company contracts, original agreements and executive updates from UTX"
2016-02-20,"RT : WTW Stock Price Updated Friday, February 19, 2016 6:59:25 PM TVIX UTX SPLV LSG"
2016-02-20,"RT : Carrier Employees React To Layoff, Jobs Moving To Mexico   UTX"
2016-02-21,Lincoln Capital Sells 145 Shares of United Technologies Co. UTX
2016-02-22,Top  for Feb....   AAL AIG CBS CTL GM KSS M MSI NTAP QCOM STX UTX
2016-02-22,"RT : United Technologies UTX, Honeywell HON active mid-day on Faber report the two held merger talks."
2016-02-23,"David, ask him how many job cuts, plant/office closings would occur with a HON UTX merger?"
2016-02-23,"RT : EXCLUSIVE » United Technologies CEO on potential merger between UTX and HON: ""You just can't get this deal done"""
2016-02-23,UTX SPECULATION - Covered SHORT from 93.9X at 91.6X for over 2 GAIN .  THINK IT IS GOING MUCH LOWER WILL WATCH ...
2016-02-23,RT : How's a deal look for UTX and Honeywell? (hint: not good)
2016-02-23,Honeywell: Regulation not an obstacle to United Tech merger  HON UTX
2016-02-23,"RT : JUST IN: UTX confirms it engaged in ""preliminary, exploratory"" HON talks, didn't proceed due to various issues."
2016-02-23,"If HON gets a UTX deal done, Faber should get a cut of the investment banking fee."
2016-02-24,"UTX:US UTX Held Early Deal Talks With Honeywell,But Didn't Proceed Further   TECHNOLOGIES CORP"
2016-02-24,"Honeywell, United Technologies diverge over prospects of tie-up  HON UTX"
2016-02-25,UTX HOD
2016-02-25,US stocks in the green as United Technologies Corp UTX shares surge
2016-02-26,RT : BREAKING: Honeywell proposes cash &amp; stock deal at 108/sh for UTX; United Tech. shareholders would get 42.63 in cash plus 0.…
2016-02-26,RT : BREAKING: Honeywell proposes cash &amp; stock deal at 108/sh for UTX; United Tech. shareholders would get 42.63 in cash plus 0.…
2016-02-26,UTX isn't as popular I guess.
2016-02-26,"BREAKING: UTX responds to HON, says it still opposes deal ""which would encounter significant regulatory oppo..."
2016-02-26,RT : BREAKING: Honeywell proposes cash &amp; stock deal at 108/sh for UTX; United Tech. shareholders would get 42.63 in cash plus 0.…
2016-02-27,( UTX) Conglomerates Clash Over Tie-Up's Odds. Read more:
2016-03-01,"RT : Breaking: Honeywell abandons merger efforts with United Technologies due to their 'unwillingness' to enter talks. UTX -4%,…"
2016-03-01,"W/ the market teetering back then, any mergers could have a chance, even HON &amp; UTX. That was then and this is now"
2016-03-02,RT : Time To Consider Trump Insurance AEM F HA HRL IEP NEM RTN SCO TWTR UBER UTX WYNN VXX
2016-03-02,Better Buy: United Technologies or  International? --  The Motley Fool  UTX HON
2016-03-02,"3/1 TopStkPix RCM,DPZ,TOPS,WRN,FTR,UTX,TREX,ZX,NEWP,"
2016-03-02,"CDE Coeur D Alene Mines Corp. Chart


CDE FTR UTX DLTR"
2016-03-02,Honeywell(PBR74) no longer pursuing combination with United Technologies(PBR45).  HON UTX
2016-03-04,UTX United Technologies Daily:0.61% Weekly:-2% YTD:0.04% Trend:63 / 100
2016-03-04,"Foster &amp; Motley Inc. Sells 1,954 Shares of United Technologies Co. UTX"
2016-03-04,"AAPL UTX:

Latest Business Stocks News Review: Apple Inc. (NASDAQ:AAPL …:"
2016-03-05,United Technologies Co. UTX Shares Sold by Murphy Capital Management Inc.
2016-03-06,United Technologies Co. UTX Position Raised by Piedmont Investment Advisors LLC
2016-03-08,Weekly Dow  Trend CAT CVX IBM XOM WMT VZ UTX MMM UNH CSCO MRK DD PG AXP JNJ BA KO DIS  @
2016-03-09,Analysts expect 39% EPS growth 🚀🚀 next year at UTX:
2016-03-09,"UTX Short Sales
See Here ---&gt; 

UTX UIHC AMG"
2016-03-19,"First Midwest Bank Trust Division Has 1,088,000 Stake in United Technologies Co. UTX"
2016-03-23,United Technologies Co. UTX Assigned A Credit Rating by Morningstar
2016-03-24,"RT :  Watchlist: CRBP GBSN, RBA, FE, UTX, EMC, AVA and more"
2016-03-25,"UTX | United Technologies Corporation is up 16% since we reported 1,034,400 of insider buying on 02/02/2016. ... -"
2016-03-28,Dow  Trend GE MMM UNH TRV WMT JNJ KO IBM MCD CAT UTX XOM PG VZ MRK HD CVX V CSCO AAPL @
2016-03-30,CMF Improving  EWJ XOM HST AIG VEA WEN QEP CAM UTX CTRP BTG NTAP FOLD BBG HCA RLGY LHO EQR
2016-03-30,CMF Improving  EWJ XOM HST AIG VEA WEN QEP CAM UTX CTRP BTG NTAP FOLD BBG HCA RLGY LHO EQR
2016-03-30,"BMO Day High
See Here ---&gt; 

BMO UTX SF"
2016-03-30,"BMO Day High
See Here ---&gt; 

BMO UTX SF"
2016-03-31,United Technologies Co. UTX Stake Raised by Daiwa Securities Group Inc.
2016-03-31,"NGG Dividend
See Here ---&gt; 

NGG PSA UTX"
